CREATE DATABASE  IF NOT EXISTS `geotripe` /*!40100 DEFAULT CHARACTER SET utf8 */;
USE `geotripe`;
-- MySQL dump 10.13  Distrib 5.6.11, for osx10.6 (i386)
--
-- Host: 127.0.0.1    Database: geotripe
-- ------------------------------------------------------
-- Server version	5.6.24

/*!40101 SET @OLD_CHARACTER_SET_CLIENT=@@CHARACTER_SET_CLIENT */;
/*!40101 SET @OLD_CHARACTER_SET_RESULTS=@@CHARACTER_SET_RESULTS */;
/*!40101 SET @OLD_COLLATION_CONNECTION=@@COLLATION_CONNECTION */;
/*!40101 SET NAMES utf8 */;
/*!40103 SET @OLD_TIME_ZONE=@@TIME_ZONE */;
/*!40103 SET TIME_ZONE='+00:00' */;
/*!40014 SET @OLD_UNIQUE_CHECKS=@@UNIQUE_CHECKS, UNIQUE_CHECKS=0 */;
/*!40014 SET @OLD_FOREIGN_KEY_CHECKS=@@FOREIGN_KEY_CHECKS, FOREIGN_KEY_CHECKS=0 */;
/*!40101 SET @OLD_SQL_MODE=@@SQL_MODE, SQL_MODE='NO_AUTO_VALUE_ON_ZERO' */;
/*!40111 SET @OLD_SQL_NOTES=@@SQL_NOTES, SQL_NOTES=0 */;

--
-- Table structure for table `AuthView`
--

DROP TABLE IF EXISTS `AuthView`;
/*!40101 SET @saved_cs_client     = @@character_set_client */;
/*!40101 SET character_set_client = utf8 */;
CREATE TABLE `AuthView` (
  `AuthView_Id` bigint(20) NOT NULL AUTO_INCREMENT,
  `parent_id` bigint(20) DEFAULT '0',
  `Name` varchar(200) DEFAULT NULL,
  `ViewPath` varchar(200) DEFAULT NULL,
  `description` varchar(255) DEFAULT NULL,
  `css_class` varchar(100) DEFAULT NULL,
  PRIMARY KEY (`AuthView_Id`)
) ENGINE=InnoDB AUTO_INCREMENT=13072019 DEFAULT CHARSET=utf8;
/*!40101 SET character_set_client = @saved_cs_client */;

--
-- Dumping data for table `AuthView`
--

LOCK TABLES `AuthView` WRITE;
/*!40000 ALTER TABLE `AuthView` DISABLE KEYS */;
INSERT INTO `AuthView` VALUES (13072016,0,'Dashboard','home','Shows the dashboard on login','fa-tachometer'),(13072017,0,'Quotes','quotes','Monitors Quote Lifecycle','fa-files-o'),(13072018,0,'Setup','setup','Admin Setup page','fa-cogs');
/*!40000 ALTER TABLE `AuthView` ENABLE KEYS */;
UNLOCK TABLES;

--
-- Table structure for table `BankAccountDetail`
--

DROP TABLE IF EXISTS `BankAccountDetail`;
/*!40101 SET @saved_cs_client     = @@character_set_client */;
/*!40101 SET character_set_client = utf8 */;
CREATE TABLE `BankAccountDetail` (
  `BankAccountDetail_Id` bigint(20) NOT NULL AUTO_INCREMENT,
  `BankAccountDetail_Party_Id` bigint(20) NOT NULL,
  `BankName` varchar(45) DEFAULT NULL,
  `BankAccountDetail_Currency_Id` bigint(20) NOT NULL,
  `AccountName` varchar(100) DEFAULT NULL,
  `AccountReference` varchar(100) DEFAULT NULL,
  `SWIFTCode` varchar(45) DEFAULT NULL,
  `IBAN` varchar(45) DEFAULT NULL,
  `NUBAN` varchar(45) DEFAULT NULL,
  `BankAccountDetail_Country_Id` bigint(20) NOT NULL,
  `BankAccountDetail_State_Id` bigint(20) NOT NULL,
  PRIMARY KEY (`BankAccountDetail_Id`),
  KEY `fk_BankAccountDetail_Party1_idx` (`BankAccountDetail_Party_Id`),
  KEY `fk_BankAccountDetail_Currency1_idx` (`BankAccountDetail_Currency_Id`),
  KEY `fk_BankAccountDetail_Country1_idx` (`BankAccountDetail_Country_Id`),
  KEY `fk_BankAccountDetail_State1_idx` (`BankAccountDetail_State_Id`),
  CONSTRAINT `fk_BankAccountDetail_Country1` FOREIGN KEY (`BankAccountDetail_Country_Id`) REFERENCES `Country` (`Country_Id`) ON DELETE NO ACTION ON UPDATE NO ACTION,
  CONSTRAINT `fk_BankAccountDetail_Currency1` FOREIGN KEY (`BankAccountDetail_Currency_Id`) REFERENCES `Currency` (`currency_id`) ON DELETE NO ACTION ON UPDATE NO ACTION,
  CONSTRAINT `fk_BankAccountDetail_Party1` FOREIGN KEY (`BankAccountDetail_Party_Id`) REFERENCES `Party` (`Party_Id`) ON DELETE NO ACTION ON UPDATE NO ACTION,
  CONSTRAINT `fk_BankAccountDetail_State1` FOREIGN KEY (`BankAccountDetail_State_Id`) REFERENCES `State` (`State_Id`) ON DELETE NO ACTION ON UPDATE NO ACTION
) ENGINE=InnoDB DEFAULT CHARSET=utf8;
/*!40101 SET character_set_client = @saved_cs_client */;

--
-- Dumping data for table `BankAccountDetail`
--

LOCK TABLES `BankAccountDetail` WRITE;
/*!40000 ALTER TABLE `BankAccountDetail` DISABLE KEYS */;
/*!40000 ALTER TABLE `BankAccountDetail` ENABLE KEYS */;
UNLOCK TABLES;

--
-- Table structure for table `BusinessType`
--

DROP TABLE IF EXISTS `BusinessType`;
/*!40101 SET @saved_cs_client     = @@character_set_client */;
/*!40101 SET character_set_client = utf8 */;
CREATE TABLE `BusinessType` (
  `BusinessType_Id` bigint(20) NOT NULL AUTO_INCREMENT,
  `Name` varchar(200) DEFAULT NULL,
  `description` varchar(255) DEFAULT NULL,
  PRIMARY KEY (`BusinessType_Id`)
) ENGINE=InnoDB AUTO_INCREMENT=20310742 DEFAULT CHARSET=utf8;
/*!40101 SET character_set_client = @saved_cs_client */;

--
-- Dumping data for table `BusinessType`
--

LOCK TABLES `BusinessType` WRITE;
/*!40000 ALTER TABLE `BusinessType` DISABLE KEYS */;
INSERT INTO `BusinessType` VALUES (20310741,'Banking',NULL);
/*!40000 ALTER TABLE `BusinessType` ENABLE KEYS */;
UNLOCK TABLES;

--
-- Table structure for table `Country`
--

DROP TABLE IF EXISTS `Country`;
/*!40101 SET @saved_cs_client     = @@character_set_client */;
/*!40101 SET character_set_client = utf8 */;
CREATE TABLE `Country` (
  `Country_Id` bigint(20) NOT NULL AUTO_INCREMENT,
  `Name` varchar(255) DEFAULT NULL,
  `CountryCode` varchar(45) DEFAULT NULL,
  PRIMARY KEY (`Country_Id`)
) ENGINE=InnoDB AUTO_INCREMENT=20160960 DEFAULT CHARSET=utf8;
/*!40101 SET character_set_client = @saved_cs_client */;

--
-- Dumping data for table `Country`
--

LOCK TABLES `Country` WRITE;
/*!40000 ALTER TABLE `Country` DISABLE KEYS */;
INSERT INTO `Country` VALUES (20160713,'Afghanistan','AFG'),(20160714,'Aland Islands','ALA'),(20160715,'Albania','ALB'),(20160716,'Algeria','DZA'),(20160717,'American Samoa','ASM'),(20160718,'Andorra','AND'),(20160719,'Angola','AGO'),(20160720,'Anguilla','AIA'),(20160721,'Antarctica','ATA'),(20160722,'Antigua and Barbuda','ATG'),(20160723,'Argentina','ARG'),(20160724,'Armenia','ARM'),(20160725,'Aruba','ABW'),(20160726,'Australia','AUS'),(20160727,'Austria','AUT'),(20160728,'Azerbaijan','AZE'),(20160729,'Bahamas','BHS'),(20160730,'Bahrain','BHR'),(20160731,'Bangladesh','BGD'),(20160732,'Barbados','BRB'),(20160733,'Belarus','BLR'),(20160734,'Belgium','BEL'),(20160735,'Belize','BLZ'),(20160736,'Benin','BEN'),(20160737,'Bermuda','BMU'),(20160738,'Bhutan','BTN'),(20160739,'Bolivia','BOL'),(20160740,'Bosnia and Herzegovina','BIH'),(20160741,'Botswana','BWA'),(20160742,'Bouvet Island','BVT'),(20160743,'Brazil','BRA'),(20160744,'British Virgin Islands','VGB'),(20160745,'British Indian Ocean Territory','IOT'),(20160746,'Brunei Darussalam','BRN'),(20160747,'Bulgaria','BGR'),(20160748,'Burkina Faso','BFA'),(20160749,'Burundi','BDI'),(20160750,'Cambodia','KHM'),(20160751,'Cameroon','CMR'),(20160752,'Canada','CAN'),(20160753,'Cape Verde','CPV'),(20160754,'Cayman Islands','CYM'),(20160755,'Central African Republic','CAF'),(20160756,'Chad','TCD'),(20160757,'Chile','CHL'),(20160758,'China','CHN'),(20160759,'Hong Kong, Special Administrative Region of China','HKG'),(20160760,'Macao, Special Administrative Region of China','MAC'),(20160761,'Christmas Island','CXR'),(20160762,'Cocos (Keeling) Islands','CCK'),(20160763,'Colombia','COL'),(20160764,'Comoros','COM'),(20160765,'Congo (Brazzaville)','COG'),(20160766,'Congo, Democratic Republic of the','COD'),(20160767,'Cook Islands','COK'),(20160768,'Costa Rica','CRI'),(20160769,'Cote d\'Ivoire','CIV'),(20160770,'Croatia','HRV'),(20160771,'Cuba','CUB'),(20160772,'Cyprus','CYP'),(20160773,'Czech Republic','CZE'),(20160774,'Denmark','DNK'),(20160775,'Djibouti','DJI'),(20160776,'Dominica','DMA'),(20160777,'Dominican Republic','DOM'),(20160778,'Ecuador','ECU'),(20160779,'Egypt','EGY'),(20160780,'El Salvador','SLV'),(20160781,'Equatorial Guinea','GNQ'),(20160782,'Eritrea','ERI'),(20160783,'Estonia','EST'),(20160784,'Ethiopia','ETH'),(20160785,'Falkland Islands (Malvinas)','FLK'),(20160786,'Faroe Islands','FRO'),(20160787,'Fiji','FJI'),(20160788,'Finland','FIN'),(20160789,'France','FRA'),(20160790,'French Guiana','GUF'),(20160791,'French Polynesia','PYF'),(20160792,'French Southern Territories','ATF'),(20160793,'Gabon','GAB'),(20160794,'Gambia','GMB'),(20160795,'Georgia','GEO'),(20160796,'Germany','DEU'),(20160797,'Ghana','GHA'),(20160798,'Gibraltar','GIB'),(20160799,'Greece','GRC'),(20160800,'Greenland','GRL'),(20160801,'Grenada','GRD'),(20160802,'Guadeloupe','GLP'),(20160803,'Guam','GUM'),(20160804,'Guatemala','GTM'),(20160805,'Guernsey','GGY'),(20160806,'Guinea','GIN'),(20160807,'Guinea-Bissau','GNB'),(20160808,'Guyana','GUY'),(20160809,'Haiti','HTI'),(20160810,'Heard Island and Mcdonald Islands','HMD'),(20160811,'Holy See (Vatican City State)','VAT'),(20160812,'Honduras','HND'),(20160813,'Hungary','HUN'),(20160814,'Iceland','ISL'),(20160815,'India','IND'),(20160816,'Indonesia','IDN'),(20160817,'Iran, Islamic Republic of','IRN'),(20160818,'Iraq','IRQ'),(20160819,'Ireland','IRL'),(20160820,'Isle of Man','IMN'),(20160821,'Israel','ISR'),(20160822,'Italy','ITA'),(20160823,'Jamaica','JAM'),(20160824,'Japan','JPN'),(20160825,'Jersey','JEY'),(20160826,'Jordan','JOR'),(20160827,'Kazakhstan','KAZ'),(20160828,'Kenya','KEN'),(20160829,'Kiribati','KIR'),(20160830,'Korea, Democratic People\'s Republic of','PRK'),(20160831,'Korea, Republic of','KOR'),(20160832,'Kuwait','KWT'),(20160833,'Kyrgyzstan','KGZ'),(20160834,'Lao PDR','LAO'),(20160835,'Latvia','LVA'),(20160836,'Lebanon','LBN'),(20160837,'Lesotho','LSO'),(20160838,'Liberia','LBR'),(20160839,'Libya','LBY'),(20160840,'Liechtenstein','LIE'),(20160841,'Lithuania','LTU'),(20160842,'Luxembourg','LUX'),(20160843,'Macedonia, Republic of','MKD'),(20160844,'Madagascar','MDG'),(20160845,'Malawi','MWI'),(20160846,'Malaysia','MYS'),(20160847,'Maldives','MDV'),(20160848,'Mali','MLI'),(20160849,'Malta','MLT'),(20160850,'Marshall Islands','MHL'),(20160851,'Martinique','MTQ'),(20160852,'Mauritania','MRT'),(20160853,'Mauritius','MUS'),(20160854,'Mayotte','MYT'),(20160855,'Mexico','MEX'),(20160856,'Micronesia, Federated States of','FSM'),(20160857,'Moldova','MDA'),(20160858,'Monaco','MCO'),(20160859,'Mongolia','MNG'),(20160860,'Montenegro','MNE'),(20160861,'Montserrat','MSR'),(20160862,'Morocco','MAR'),(20160863,'Mozambique','MOZ'),(20160864,'Myanmar','MMR'),(20160865,'Namibia','NAM'),(20160866,'Nauru','NRU'),(20160867,'Nepal','NPL'),(20160868,'Netherlands','NLD'),(20160869,'Netherlands Antilles','ANT'),(20160870,'New Caledonia','NCL'),(20160871,'New Zealand','NZL'),(20160872,'Nicaragua','NIC'),(20160873,'Niger','NER'),(20160874,'Nigeria','NGA'),(20160875,'Niue','NIU'),(20160876,'Norfolk Island','NFK'),(20160877,'Northern Mariana Islands','MNP'),(20160878,'Norway','NOR'),(20160879,'Oman','OMN'),(20160880,'Pakistan','PAK'),(20160881,'Palau','PLW'),(20160882,'Palestinian Territory, Occupied','PSE'),(20160883,'Panama','PAN'),(20160884,'Papua New Guinea','PNG'),(20160885,'Paraguay','PRY'),(20160886,'Peru','PER'),(20160887,'Philippines','PHL'),(20160888,'Pitcairn','PCN'),(20160889,'Poland','POL'),(20160890,'Portugal','PRT'),(20160891,'Puerto Rico','PRI'),(20160892,'Qatar','QAT'),(20160893,'Reunion','REU'),(20160894,'Romania','ROU'),(20160895,'Russian Federation','RUS'),(20160896,'Rwanda','RWA'),(20160897,'Saint-Barthelemy','BLM'),(20160898,'Saint Helena','SHN'),(20160899,'Saint Kitts and Nevis','KNA'),(20160900,'Saint Lucia','LCA'),(20160901,'Saint-Martin (French part)','MAF'),(20160902,'Saint Pierre and Miquelon','SPM'),(20160903,'Saint Vincent and Grenadines','VCT'),(20160904,'Samoa','WSM'),(20160905,'San Marino','SMR'),(20160906,'Sao Tome and Principe','STP'),(20160907,'Saudi Arabia','SAU'),(20160908,'Senegal','SEN'),(20160909,'Serbia','SRB'),(20160910,'Seychelles','SYC'),(20160911,'Sierra Leone','SLE'),(20160912,'Singapore','SGP'),(20160913,'Slovakia','SVK'),(20160914,'Slovenia','SVN'),(20160915,'Solomon Islands','SLB'),(20160916,'Somalia','SOM'),(20160917,'South Africa','ZAF'),(20160918,'South Georgia and the South Sandwich Islands','SGS'),(20160919,'South Sudan','SSD'),(20160920,'Spain','ESP'),(20160921,'Sri Lanka','LKA'),(20160922,'Sudan','SDN'),(20160923,'Suriname','SUR'),(20160924,'Svalbard and Jan Mayen Islands','SJM'),(20160925,'Swaziland','SWZ'),(20160926,'Sweden','SWE'),(20160927,'Switzerland','CHE'),(20160928,'Syrian Arab Republic (Syria)','SYR'),(20160929,'Taiwan, Republic of China','TWN'),(20160930,'Tajikistan','TJK'),(20160931,'Tanzania *, United Republic of','TZA'),(20160932,'Thailand','THA'),(20160933,'Timor-Leste','TLS'),(20160934,'Togo','TGO'),(20160935,'Tokelau','TKL'),(20160936,'Tonga','TON'),(20160937,'Trinidad and Tobago','TTO'),(20160938,'Tunisia','TUN'),(20160939,'Turkey','TUR'),(20160940,'Turkmenistan','TKM'),(20160941,'Turks and Caicos Islands','TCA'),(20160942,'Tuvalu','TUV'),(20160943,'Uganda','UGA'),(20160944,'Ukraine','UKR'),(20160945,'United Arab Emirates','ARE'),(20160946,'United Kingdom','GBR'),(20160947,'United States of America','USA'),(20160948,'United States Minor Outlying Islands','UMI'),(20160949,'Uruguay','URY'),(20160950,'Uzbekistan','UZB'),(20160951,'Vanuatu','VUT'),(20160952,'Venezuela (Bolivarian Republic of)','VEN'),(20160953,'Viet Nam','VNM'),(20160954,'Virgin Islands, US','VIR'),(20160955,'Wallis and Futuna Islands','WLF'),(20160956,'Western Sahara','ESH'),(20160957,'Yemen','YEM'),(20160958,'Zambia','ZMB'),(20160959,'Zimbabwe','ZWE');
/*!40000 ALTER TABLE `Country` ENABLE KEYS */;
UNLOCK TABLES;

--
-- Table structure for table `Currency`
--

DROP TABLE IF EXISTS `Currency`;
/*!40101 SET @saved_cs_client     = @@character_set_client */;
/*!40101 SET character_set_client = utf8 */;
CREATE TABLE `Currency` (
  `currency_id` bigint(20) NOT NULL AUTO_INCREMENT,
  `code` varchar(200) DEFAULT NULL,
  `description` varchar(255) DEFAULT NULL,
  `decimalHTML` varchar(10) DEFAULT NULL,
  `hexHTML` varchar(10) DEFAULT NULL,
  `unicode` varchar(10) DEFAULT NULL,
  PRIMARY KEY (`currency_id`)
) ENGINE=InnoDB AUTO_INCREMENT=19923346 DEFAULT CHARSET=utf8;
/*!40101 SET character_set_client = @saved_cs_client */;

--
-- Dumping data for table `Currency`
--

LOCK TABLES `Currency` WRITE;
/*!40000 ALTER TABLE `Currency` DISABLE KEYS */;
INSERT INTO `Currency` VALUES (19923342,'NGN','Naira','&#8358;','&#x20A6;','U+20A6'),(19923343,'USD','US Dollar','&#36;','&#x0024;','U+0024'),(19923344,'GBP','Pound','&#163;','&#x00A3;','U+00A3'),(19923345,'GHc','Cedi','&#8373;','&#x20B5;','U+20B5');
/*!40000 ALTER TABLE `Currency` ENABLE KEYS */;
UNLOCK TABLES;

--
-- Table structure for table `Document`
--

DROP TABLE IF EXISTS `Document`;
/*!40101 SET @saved_cs_client     = @@character_set_client */;
/*!40101 SET character_set_client = utf8 */;
CREATE TABLE `Document` (
  `doc_id` bigint(20) NOT NULL AUTO_INCREMENT,
  `doc_quote_id` bigint(20) NOT NULL,
  `docName` varchar(300) DEFAULT NULL,
  `docMimeType` varchar(300) DEFAULT NULL,
  `docBlob` blob,
  `docSize` int(11) DEFAULT NULL,
  `docCreateDate` datetime DEFAULT NULL,
  PRIMARY KEY (`doc_id`),
  KEY `fk_Document_Quote1_idx` (`doc_quote_id`),
  CONSTRAINT `fk_Document_Quote1` FOREIGN KEY (`doc_quote_id`) REFERENCES `Quote` (`quote_Id`) ON DELETE NO ACTION ON UPDATE NO ACTION
) ENGINE=InnoDB AUTO_INCREMENT=24257896 DEFAULT CHARSET=utf8;
/*!40101 SET character_set_client = @saved_cs_client */;

--
-- Dumping data for table `Document`
--

LOCK TABLES `Document` WRITE;
/*!40000 ALTER TABLE `Document` DISABLE KEYS */;
INSERT INTO `Document` VALUES (24257886,20160857,'ActiveGRC.xlsx','application/vnd.openxmlformats-officedocument.spreadsheetml.sheet','PK\0\0\0\0\0!\0O\r2f\0\0\0\0\0[Content_Types].xml (\0\0\0\0\0\0\0\0\0\0\0\0\0\0\0\0\0\0\0\0\0\0\0\0\0\0\0\0\0\0\0\0\0\0\0\0\0\0\0\0\0\0\0\0\0\0\0\0\0\0\0\0\0\0\0\0\0\0\0\0\0\0\0\0\0\0\0\0\0\0\0\0\0\0\0\0\0\0\0\0\0\0\0\0\0\0\0\0\0\0\0\0\0\0\0\0\0\0\0\0\0\0\0\0\0\0\0\0\0\0\0\0\0\0\0\0\0\0\0\0\0\0\0\0\0\0\0\0\0\0\0\0\0\0\0\0\0\0\0\0\0\0\0\0\0\0\0\0\0\0\0\0\0\0\0\0\0\0\0\0\0\0\0\0\0\0\0\0\0\0\0\0\0\0\0\0\0\0\0\0\0\0\0\0\0\0\0\0\0\0\0\0\0\0\0\0\0\0\0\0\0\0\0\0\0\0\0\0\0\0\0\0\0\0\0\0\0\0\0\0\0\0\0\0\0\0\0\0\0\0\0\0\0\0\0\0\0\0\0\0\0\0\0\0\0\0\0\0\0\0\0\0\0\0\0\0\0\0\0\0\0\0\0\0\0\0\0\0\0\0\0\0\0\0\0\0\0\0\0\0\0\0\0\0\0\0\0\0\0\0\0\0\0\0\0\0\0\0\0\0\0\0\0\0\0\0\0\0\0\0\0\0\0\0\0\0\0\0\0\0\0\0\0\0\0\0\0\0\0\0\0\0\0\0\0\0\0\0\0\0\0\0\0\0\0\0\0\0\0\0\0\0\0\0\0\0\0\0\0\0\0\0\0\0\0\0\0\0\0\0\0\0\0\0\0\0\0\0\0\0\0\0\0\0\0\0\0\0\0\0\0\0\0\0\0\0\0\0\0\0\0\0\0\0\0\0\0\0\0\0\0\0\0\0\0\0\0\0\0\0\0\0\0\0\0\0\0\0\0\0\0\0\0\0\0\0\0\0\0\0\0\0\0\0\0\0\0\0\0\0\0\0\0\0\0\0\0\0\0\0\0\0\0\0\0\0\0\0\0\0\0\0\0\0\0\0\0\0\0\0\0\0\0\0\0\0\0\0\0\0\0\0\0\0\0\0\0\0\0\0\0\0\0\0\0\0\0\0\0\0\0\0\0̔N0M|010ϥP3еM=+h!C\"ެ~mwhnlƻB^7/w-2$崲A!6b2>?60cBDFJ,kh>Fƹ\\9a%KTji)_-	Ev]FB`MAe;+\"XFۑLX\'>h4dSQ5!Vx~wcIUeJо\\6|9Jc\r@Ә7ʸ(081Hd|$p\\2=% m,w5=\\\"w|:F;JO[u/D2Y܎V;\rzOLu\0\0\0PK\0\0\0\0\0!\0P|N\0\0\0L\0\0\0_rels/.rels (\0\0\0\0\0\0\0\0\0\0\0\0\0\0\0\0\0\0\0\0\0\0\0\0\0\0\0\0\0\0\0\0\0\0\0\0\0\0\0\0\0\0\0\0\0\0\0\0\0\0\0\0\0\0\0\0\0\0\0\0\0\0\0\0\0\0\0\0\0\0\0\0\0\0\0\0\0\0\0\0\0\0\0\0\0\0\0\0\0\0\0\0\0\0\0\0\0\0\0\0\0\0\0\0\0\0\0\0\0\0\0\0\0\0\0\0\0\0\0\0\0\0\0\0\0\0\0\0\0\0\0\0\0\0\0\0\0\0\0\0\0\0\0\0\0\0\0\0\0\0\0\0\0\0\0\0\0\0\0\0\0\0\0\0\0\0\0\0\0\0\0\0\0\0\0\0\0\0\0\0\0\0\0\0\0\0\0\0\0\0\0\0\0\0\0\0\0\0\0\0\0\0\0\0\0\0\0\0\0\0\0\0\0\0\0\0\0\0\0\0\0\0\0\0\0\0\0\0\0\0\0\0\0\0\0\0\0\0\0\0\0\0\0\0\0\0\0\0\0\0\0\0\0\0\0\0\0\0\0\0\0\0\0\0\0\0\0\0\0\0\0\0\0\0\0\0\0\0\0\0\0\0\0\0\0\0\0\0\0\0\0\0\0\0\0\0\0\0\0\0\0\0\0\0\0\0\0\0\0\0\0\0\0\0\0\0\0\0\0\0\0\0\0\0\0\0\0\0\0\0\0\0\0\0\0\0\0\0\0\0\0\0\0\0\0\0\0\0\0\0\0\0\0\0\0\0\0\0\0\0\0\0\0\0\0\0\0\0\0\0\0\0\0\0\0\0\0\0\0\0\0\0\0\0\0\0\0\0\0\0\0\0\0\0\0\0\0\0\0\0\0\0\0\0\0\0\0\0\0\0\0\0\0\0\0\0\0\0\0\0\0\0\0\0\0\0\0\0\0\0\0\0\0\0\0\0\0\0\0\0\0\0\0\0\0\0\0\0\0\0\0\0\0\0\0\0\0\0\0\0\0\0\0\0\0\0\0\0\0\0\0\0\0\0\0\0\0\0\0\0\0\0\0\0\0\0\0\0\0\0\0\0\0\0\0\0\0\0\0\0\0\0\0\0\0\0\0\0\0\0\0\0\0J1Ͷ4ۋ?n&$Ӻ}{|͏lw8Ա7.JP-7ϫPI;ؓ3%U7W\ZPrSjTd	Z\'҈@>G|h{lHo^fLwޭA!OuYzb{=d\riw ]6׻IСibN)Jsql_u$tw|phe%H@	\0\0\0PK\0\0\0\0\0!\0;\0\0\0\0\Z\0xl/_rels/workbook.xml.rels (\0\0\0\0\0\0\0\0\0\0\0\0\0\0\0\0\0\0\0\0\0\0\0\0\0\0\0\0\0\0\0\0\0\0\0\0\0\0\0\0\0\0\0\0\0\0\0\0\0\0\0\0\0\0\0\0\0\0\0\0\0\0\0\0\0\0\0\0\0\0\0\0\0\0\0\0\0\0\0\0\0\0\0\0\0\0\0\0\0\0\0\0\0\0\0\0\0\0\0\0\0\0\0\0\0\0\0\0\0\0\0\0\0\0\0\0\0\0\0\0\0\0\0\0\0\0\0\0\0\0\0\0\0\0\0\0\0\0\0\0\0\0\0\0\0\0\0\0\0\0\0\0\0\0\0\0\0\0\0\0\0\0\0\0\0\0\0\0\0\0\0\0\0\0\0\0\0\0\0\0\0\0\0\0\0\0\0\0\0\0\0\0\0\0\0\0\0\0\0\0\0\0\0\0\0\0\0\0\0\0\0\0\0\0\0\0\0\0\0\0\0\0\0\0\0\0\0\0\0\0\0\0\0\0\0\0\0\0\0\0\0\0\0\0\0\0\0\0\0\0\0\0\0\0\0\0\0j0}qne:A[\0&Q-o?mi\n%]7϶vVA 殨m|XB7΢	#T,)0ݓl5EC&PJv:?\ne\Zk\Z]h}C翵]Y9\\~j\"Q+dc0YEu%a8gÙ1<,@7E49F{,^هuRLs0ɒ0&[?10?äȋ}\0\0\0PK\0\0\0\0\0!\0\0\00\0\0\0\0\0xl/workbook.xmlRMo0tOv.Xa谮=2$CkheI\r첋IϏ^\rFt6)-L))?%%s]h+>~XwƾJ@V7(r41s4Vq=EKWxUG,R9/$jQdh>\Z.4߸B}MI͝ߕCCCJmϭ1EFŭKx(l¹)|NN5IBB?K].zFKy0y6\0\rQ0K,\Z,ѡ|gJce``#0Pn:		^`-\\-Zkqu\Z-iEƒ]M&,\'lOfMe醱4cwGIa3G?FE[-/WU:lɾ\'\\h\Z(he؋?\0\0\0\0PK\0\0\0\0\0!\0%\0\0S\0\0\0\0\0xl/theme/theme1.xmlYOo6w tom\'uرMniXS@I}úa0l+t&[HJKՇD\"|#uڃC\"$q۫]z>8h{wK\ncxLޜH]ś*$A>J%a<!1MWT݈U֪f%4P# {{2>ACMʈJ&M;4Be	tY>c~4$\n&^\nL1bma]ut(gZ[Wvr2u{`M,EF,2nQ%[NJeD\r>֗f}{7vtd%|JYw2\ZOڡ~J=L8-o\0|(<4	ժX}.\0@\'d}.Fb\0o\\C\\\ZҼMT0zSώt--g.~?~xY\'y92h!ы/ɋ>%mGEFD[t3q%\'#qSgv	\n9feqwW@(^wdbh	a\08g.J\rpC*Xx8rbV`|XƻcǵYU3Jݐ8b3+(QuK>QELKM2#\'vi~vlwu8+zHHJ:)\r~L\\E\\O*t@G1lm~C*uG.R(:-ys^Di7QR8,b?SQ*q7C;+}ݧ;4pDZ	K(NhwŘQ6㶷\r[SYJ(p»g>X_xwu{\\>k]Xy}钣M26PsFnJ\'K,}䇦$Ǵ;@`	>*8i\"LI%\\xӕ=6u=\rr2f	3c	(:jZ3sLs*UܚЅ ]M8kp6x\"]$C<&>\'eb. vJ|yXɾ8Ȯ]7R/=,.&\'Qk5\Zq&p(Kaݐ\rSdL17	jpSaS!\r\r3\05\'+ZzQ\nH\r)7 5)kdB|UtvaDξp|Fl&0_*3n\'LE/pm&]8fIrS4d7y`\nnίIR3U~cnrF:_*P}-pTplrۜ4LZéO\0	\n\n!PLB]$K	*++65vꦚeNƟf(MN1ߜ\Z6&3(adE,Uz<{EUϲV)9Z[4^kd5!J?Q3qBoC~\0Mm<.vpIYӦZY_p=al-Y}Nc͙ŋ4vjavl\'S&A8|*~x1%M0g%<ҭ\0\0\0\0PK\0\0\0\0\0!\0߾cQ\0\03\0\0\0\0\0xl/worksheets/sheet2.xmlMo0cNb\'(VŊukϊLB-˓/d8+zBQC%U\\UK`ݚ&:+mɂxWVw\'8hj\0G5mWqlEHIf\0%)cY@X0t]K7Ztnhm#{;ҔNq\'BJw\nPJXm;mźɌ6J\n]xH}x#,*xىzM/\ZEY\'hA8Gx7Zgǅ{Ej9}=F\rz4d-\\EV8|׺El7}r82CftV`|-Õ(Gǡ!Z>gY՘G`\0:nea ܏bBg1PQ^\')%ݗ	˖EG2*2P{nڧf/N\nl<]sESJjݸdgf4\\fWl2Klir_eqjS).b8\nm1<P3y4vkXg_w1Gds/\0\0\0\0PK\0\0\0\0\0!\0\0\0U\0\0\0\0\0xl/worksheets/sheet3.xmln0E)ٱlr\Z A>5M$\")t-ȿw$Uio8|;\\߶&yeMFSF\\2?<N L.jk gvdW\0 V!4+Ƽ@i0t%tLe@Xk(G\r&TGpc3V7ثZsDSi\Zn㙐#.ZIg-B86$zY-6\\aAѻͺU7&{kSQme{{w셇[<Th*zC!u7ӄOc=}UV̰ԮU~ނ([K\"̠%W*I\rE%J)qxކ`U	hJIamB}TFg\'4$O4s>B2h%ZqjJ^lr_\r~]1MtaL}<\0\0\0\0PK\0\0\0\0\0!\0|\0\0[E\0\0\0\0xl/worksheets/sheet1.xml}ْ#75 lkil0v.եnYK*ݪ\Zp~|Ђ\0p<\0?w|OZ}~۾O}ݿ>~y?~/w/?ׯ|_Y}o@?/_wß>Kן?||?W_E߿̹[ӯ#_5e_?io>/UsO_>\n}u}9~F\rٿ?Oz۾?O-/\'\rO!_>~/n_5 O#oy=<t_\Z >5%nWۦ^7U韇?_aҢӿ?~\0s}?w B!/ҩTmPH?(r>j=X㱧k=c^rlCrlyc5Ɂ2i8\Z:߃ucIm(zB!?{y5R4\"^պ꺞,[__5[oՎovFWPY󨚺FYУ+.ΖZujXǻ8Bߖ{[QHb*)mTg>jROr˚Wl׾Z!jV5UhS2<=/nzs\\rӚBp%%9#	=UZ\nG5ydjg>jLCnYk\Z|պ^j9oUH&GvuڑO+MkUO_rKVՁc9/,K<wϛ~oW\r^AjGM\rk253c5+}-k9o6\nm@o*sImDWCg]uk6Eߛ2ߒM\r ?~t\'ePt~\n5ryF&Bސ7;\rnZjWynզwM&9}zNGմMgI/:0@Gv_&[\'~W5:,v{}:5YGIn0Z-*+YלxՖ~nWn<=vFW\'ݜ5|1UC{q^$go(}n0~+?XdfeϺH_o\rYrˆֱ|5U?lXڬ*wexKRj`]SgJE2咼DnZkq܆qM\\Q5CnR\rfqymns4~z]ђ־M۴=řR:0GDpJ{J_\"ȗ\\>-ox-Gf$w\rORΖ#yO}e\"8szI*f5ͪ\'Q\\-EMx)/kPARo*۾R@POfwѣ$ߩ}^h\"1l@Sl4bx-iwDͪhpE|}6mjț}TGKA$}x\r	W۟o=2πI&9GC\"( #e&\n_:Hmn#fu-(_+fn9IdїlTVB<oxcRգxMHt	I_ԄF ->Qϲ/84=H!5E)X) ^)<Tł4*`.bfZGyyR)lhٺ^mڹǽ\\x{h*J:-{,L}$澻y69\\)hQ	hr\n7A֞nh4kYv2Ek-F?rקo|nb\'n#5e\\-Gڐ`WIicC?T\Z3@Xh!cvQj\",&#Ī;UYӒjuTW+iejTãbiu<z̮ix^=g]\"^%%}uanZ+jǏ%.<nYW#`9i{y4au\Z6Rj!*T\n~6㪁o]ՊghKD/>^꼯<Zrd\\\'^xb-2Fx[ԓΖSY\n[*D(_ALf*sO]%9<*Q-Tknw=FW*|tkz;TExHRᵮAЬ-][U*XwfSf[G_{[M/9O/tKuhjt	tHE5Eђ#8\'\"j$t/U@-UCh\rzKj8-fv֋գLNhoJ_\"L-X9kvK[:ӎhrm|_vKm8He_WkύRPΖKׅu<h%^*t0X4>Qfa@X\\y.t{L_7;\0M\rAm7rS3WhtBlvb2<Bٌ4nV4OtN/\\W*IG\nRhXS7pL#[x<Z27֓WR[*w\n\r/5-AUcdͿ㌎Vr®EtE&<-&\r]=\0+.mXZ*rZ6ܫE>E^tۥA*C9T:qm?5i7Esl\rf!ppqXO]Jp(v	ghaBo׀f]#ӝ}hz-9RSxjHW-G9\Z`pV\ZqzZDG*WrS͸*-)+}x%ZU\"G\n[6~\"sMȹ\ZGĆA:S8̹~\'dcUYG*[ƻ!0NcOJ@Vj5\'uWE{{gH@9h3\ZL$Pw<$\\x+B\rXuhu=Go|n$yΦݵ՚4s!c\rW̫} vk݄Iu638VMa1g\Z|JdKs:Yh]\r5^mdGOo\rPG*Z\Z\"y,}!SޕTlϻJ\nk	{Hw\0k}4S$\n@Ӄ\00]\"$Ux@!r\Z^v;M8r\ZVӼsZG*\ZY\Z욢x̤+1pWI\0>Vf\ra_+怏D G\"`t^GRyԙ>ZZhjxOʝ|y-V[5qB\'T	N404\0\Zz3?UX:/f$\0_oAEUXp3]B}4f֘3RN(N_*>Ir6#𥹐-Jpr4x	Ac!]RP`I/Guj4}vamˤk8TP\ZںAl0P>L	}x\'ٲ\'v=w|H^\r\'?2=E)WC}s^:H\\x; 2Z]\'p0] .SpF*-\rNē2&6x-H\0}`58*y-(Ay,-Z>:-C+[\\G>Rϳz\r\'Ǯ@gC<w\0o;xG%-92#0uW\Z,ppxyD}{{u>򴈎Tugvm>{\'W)8XXr\rRX#ݾtFBW uТ6x?l@s!/nEqۖ|j}tT}\n[BW+K\0Ľl]o\\m/p\07ՓHz1#^n\"-t<^^G{7N5\rz|>*y6v<v|,|Jy\'ɿkފqXd?{C\"e,H2k,B-7 2VfHO:䒏nQ]	?Tqc]Ȗ+<*u{\0+t{\r5->K]cGKwJ5\Z2f˼k/9ڋԏvZG*l8	!Yz8;ɖVl*%h|\r}0Qhɑm}<Bsm5zy{uxUH^f*8U{z4kLfV}$7>7Ra)eMBĕO;)})5vp)X:K93:~E$AE)̹q/\n[E?G{f(=RFz?k,8\"hxIBِvJxA܉>Amr򡨽AaA,-muTǸ7ס.N\rC/Pg>-ã<ϒͺ	n~!cRƕT2Oļ\n߄\nk,]l;;/M-9^I)RPȳo7/;\r \0ĳ\":RA[IB_	N\r9Vs*p1\n{qݷ\nVv\rzx|v5;&dp=9Aeڭ8kV\Z<?{OHEK؈78az8{{%UG\nkīGNhߖCzI/V<;x[^q^&]so6ذѫ5T䀍n}\'.9 \"BW|KLķuhU_бo.L\rE\\VSXfS?>L.<Li\'ϴi_٣oڏ[bTJ٬۾No<޶plȩ]	NA\\%9WA\ZB (QjbYV/$-O@s9P\Z^EIvQ_=pp><k Ӆ]	NE	>\0V _cP~D\ns\n#|\"_[+R4J<P#|-R:{w;\\е=C7J|}5K\0.d{x%U>V^`-	\"&ٷ\nS-92_T0ƂWix[\rp6\Zm[=-#,dcݪ_xB[x%U\"\nk,B(r*^\nD5=sjgĻ\Z	G_݃ESփ˼[-mG!6ݏ>RG6ͼC\rǆ.dL5:#u<0Mkl.^noxa/!m{tf웑Èރy<ȾU+SN\r\Z\\kj7Q|l渐~>!c:W[Kܮ;IЏ&*\n707$}K컸Ō}]m}]:v|ë.۴V5uV=\nqF)MoJ8[6(dBT+x%	u>@x@P\'(rxOJqk2m\\Ζσ1~W[܎Z\\\\2~2k,GWw ͼ{.dLJp\Z}y:j0x@O`׬Zzjy2c|s)@I75g8\'?MZr_ۼq..a13G)Mا5x6d \'W?JpNȯBXc7t~\Z\'\Z=ZrԀ>N<>K)níbI=d{p5u5mT^,)<#?-#Tu6\n7{v![rLWS=*}}Px:\ra5opJ78IY/Gj4}㢎fAuVͫj=\ZvzԸS5O(Nbz6c!	\'gZ-Wpɓ.!>U wHfɩbx!rlg021$^M/AeҵH`M=bh>1˪/@^i>Jp꩞t	ߕHl{vgfM|S?Zr$]\'ǗHȗ|qI$\nvko`vz`]cnj{]\"j\\ɱn׋3Ņ8VWSG߉u>UuZ2@ꅱwM\'r R[klk\r/E}	X܏q-~<)zt48>|Ǖ71WSy:*oa\'za-+\rԫE~1gMKq*dG/So5+UݛmJ\r|wl|*]=|HNToJOξa9]{CYNҙy$gfO΁Ap;pC8mI<a8=Ʌ]\\	ND\n)}v[{(\"itⳔ\"k[R󬆑vaFl/69+ɓx6:;nO~4>Y:YpW/f49>pؗd8<ҩ._ow5>-ã:*2MQfLMqqFs%8OJ=Y~:ڿzobɯLUy4ON=#9k/f4u6rؗq8cm<;Xcqr_e|ZGyڲgT>+{6=[cV4DM=g	8KZ>KARƭc	37<}z\"XO1S5tZDGyR͘BVT+ix%,U`U4y°7?Y:UɩqGO1K?nAq^HX燨=\Z\np$A>(s公ߞ\'iP*Ү+\\{̑\'K/FhмQ)~2Qih)ԸGh!Qޜ]N^Ȋ\ZJpҿgN(nCȶ\r1[]Lr=1d,M\Z!1X=8ۚw\rgɣWZ0uN;QvZDG*WƷjs!+rHWgr<wpPE5BlKR.Μ~\ZcVh\Z9dTg)Tlkއ3kůV$lڅ,Gv56QOoࣼ=U,0ָ8Jpky	D>\06s\nO<ْ1z>#9kS/f45Rg-\n^㧛/[,vt5Fsc-?7plo8#(U頿S\"z6#狱b<ހ0t3`F̛S]\'zp5/hgj?{7LgEZ9\ZT&&NoࣼSf^g&/;ѹǮ\n\"8[!{xy|-|-3!6@jpJeHZ,sW7P>2<R[f0 BWd<*|z*>o,6{RBW xˢ>bo?yck0*hdǼ0}ztT8+ԥ/dLDɗU|*o;sXOվWpΐH~1H׫_[gvtk82-|P8ǦRNVs4l`Lxc4Kļj}5dw73cONK~88ۚwsՊ{*|ѰݺQ^|Ecfƞ35_+JV-k\\	@@\r/8z5}zF>Y7|H_-\r6\\4H9|\\KGCq)>/Co|nܤ\rzl1Y\n~NKT*ha*	s~j}_YrB1SDFͷAe!hX7Wgs?Sjz*ᇲzDj2<R`/٬\'\"u\\Ȗ\ZJp\Z3z܉>U-+^}/\"LؓYP<KAn]$j@3\rn|uxYs=[Nd	\'-6kOǒْ\"\'kOJ=\n[θt+\\\"^H|1W!l%[\r/o0݊o?Z\r1㥣2<Rm\ZG Dk.dKJpry;\nk\nVn쑑t}8DA>l\0:Hen^#EjKy_pNo=0R\rfi=!|-߅otr%8f\'Pߔx`X:l/_\\\0LY\0HN$oF\"\0٨/-x}/\nrǍXNzA\\󮼫LKγ\r=%v%8/a.v&RE˃{߀z9\'5Od]uHpqرN|5rT㌮b>o5Ù_c~i;ٰ+ɟxk~n#QF|\"|qcoT\"5oQm _se\\sw=Z]q!; K\r|rR5fe{.dLuD>Vp\0\npb	k}m@(M2X[&ϿA*ɀ\\@u,@\ri8mI\\d1u\'o=7Rɵ-9^3$<DJVpk\0\"5ؓMbF&p\0i7\rg߅rᗮ:w\"JiI<855ƅ]	Nj|K0ķ`ָ˟oVwf@<#95LXE$R6ga8`oͽ\0\nŏV`(7J0fNq!+><w}[\nE5	Ҽ)fi`8\'SY,j,uŌcg#ܶ0 Ygw|rǘ\rBձuc	EtުQ@g3xT+zDTߢ^;ys4S$L͂*,5Md{.og|8cп-wL߹G+._OHeJ>zZBVa<7~FN,oKqHŹzkBkMZ>KARȜ.L[ݚ`*@u,p-s-G!.ewztfNq!0\\˛+*{%U|Sp+-\0cɤ)B_qoVHS%j4s|GoU\nqp;PGWNHE.s6kjY[VM݉MiI;9D:$GKN|Ff$K)qgt3nl]nw_g߻¯[Rkx<w:3&I^	Nx%~U;k1x@-y|\n[fp\'Kp\07,ip8g^ܱ9\'yɍ\rBq7EtPl.(\\\0rp֭<wt;2<pfn4H>N{6!2l;[%^YT h/GU\n+VgJp;Qhto=l\'G-9ҬZj$~d)M\" K2pbo\Z᪮grZDGWHs.Gy|]iRin?4>s\\iNyFrb,5_ƃmNMՊ(64=7@w9Ͷ\"<Rq6Zٲyg{vwkSz6Zk	{pB6\\ռ=Y5L8GሎΥ3T/n5_ޣW7MUaihf=ْ֯.RwBwڦjg̐HZTj$W9xr[pXT߇wᑊFlYS-Jp$x	:\ZtT~s3c@}@$jz㉼H\Z	aTG->z3H[\'.Vlq><x]pK/̑;Jpr(;f8.6a/W$Rˎ8l^p1V/qW%2<ʻojxI<[OgSu̮ur(xDzPU/B}l;gīE >,EHVr|*o]{sr4UUYexQgZ٧Mbή>lӂ+4\'1.qa d\n\0@A$o( G3zq*0uz\'gVγ}vSg6nxeΠ|*1)pǦx&	}+A(\"[7^DXnAָN5e8=Xsgc\ZrX_8Ԡ!mؑƆ.|F-V\"q\'z,BCOLl<k.,U\nQk=OźP3.F4`!\niJa],?ꗐ>دv; EBɋ;!+Bޜ$R$;!@-|Sh6AS$10H\"$a$)-?I$/hp=,@z]]8ktGr$Aޚ\Z2x\'	2Yi,،^5x{0f 	I,FK86^\"ny7$+]C\'{1aF]<{9ŷ=\'?53՘!Ӑ\"o#O³M;jco0ʞ*xÌR1NY$.gBÌ$xBu-	E_$oY\nA@rD/qf?Հ ,{ix<!O;ZPhlF<,|H4CCj%r떗!_Ssx˅Uv(\"%.?,;4/1:)\"ϧf\"<ډ!\"|X(Bcu-~)%486,4ȃ\\SCL! rk\\qWD\' }\n7/:P,~USROAB\"xg+qp\0㩽H,\nC,hKF	PܭJBfB<8WІ6t6rkޢgux7/4~:5Pithb|A\njr|Ђ7\'\'\'%҂Z𑽶6-\nx	}E\nZP j!`E?BnЂkIG˱#+s5~;daE\0tK\n]h> K Ѕ7\'YBO^ս,<!	l2Dц/szԄMHIFf&?t9u߃.Y<Єg	{<с\\\'Eq>&ꧧo}p?:C¶\'_D^YT,Bnm,ǊfPMM4A^PQyT.z\noR&d;\"Ʃ>/AW\nvnrP7TA/5Dxb*TyH+@ehH\rC,ߎ\n/uPAj\nBa!lܺ\r&<kI-~n\'3!S\nBX!_>roQPO#%H䮨07XNpWT@TA~+`.֘z׳}%wodzjAK0\\d9c|T{[rpO^(]~3\'~FϸaVGM23Rq<iF[AsN0h!x-Jǟ˅ΦǖCa%\'	mB%ɥ*ь0Bj1Fψx<$늒񁼖=2$cq4Ra; }00$[şITJs+(Ej|;@k\ZZ_;Ɵ˅k{0Nء/u`c\"/b{hz#ijk\'Ij]Q\rdߏ\Z4ĪyA\nԠ@TCo+AD\r8YDm[<7׵}~+5Ġ(MvS#ha|(HAwki>?%xz:Cx%!3p,\0\' 	}[\nBI(%G\nPA`/	$[!	_$[!\nYK-L|\0Xp#v3xҗbVݫ#@;%1e\rP>\nJQ *%f1ܚ>늛ǽ^窠J_A(~\\j|)\'!o{Bɋ _-xkl>};f}SAɣHLQHg06Dѕ11P \n$f@ZdɭC\ngrr}-BG=+[c[7\ZD@\Zo<MRR&m_Hx<\Z^0s\'jͱog;Ӄ%af 	)BdI4Kr\\uؽ7Lx׹\\r)g=uk?iWSnƷW<gD\ru!\n)%҇DJ i\0:E>ZEB_C,Ld\r	R;P%==\\$kGnѾyX?}g^>M[-{Ѓ/#$A3u+mH 4Xy0JAL=7jw&=ѼL>g:!ny%@u/`un* 1|3yh+Y|ۃ/rrS<4#j(x!Q`Y\ZkVe#*,G*t\"Tf\n8	jB\"nyTAU-B_}3PSCDY]S\"	ѧP{jHۑ<<I@}E	$CCnqxϹ7PǄFԆ\r1ṂLĀۗ\ZbpּGbXNphHgXRq^u1ÖFX Gy^t&9Mx<BIz5!&4:A׀z`x!taPA\njCdB\nyl 5S)xRȭq7ojH׵$}܅_W`-Q!_>jIHA1rķ\"A\n<}ó(\0IAbzE 4܆K^{l]}6 5Rȃs)XQdTC\nuX0|]KRtR7;_\n1,?\05\"\Z4-8sLb\Zyjx;	 \Z,<\'cU\0bP`nPA\rjՐ\nj\0ߤf̒a({2\'_;@DGR՗I D![/aZhuh]9l~r#@aWZ<v\'6iPCT}$ X8O>l\Z\"jƁ+UGِ	:\ZadFCl\r	nf]HHFtP+˧ZYF.\"ReB\'^8ؠ[\0\Zru00IkX\ZՉBZ\ZLHnase=*c+p\\o݂K[hcpcl\rnf0^Tl}EP,9W\r|6o^3wu3T@Q**j=WT}vvӳP&L(ՖGnCziD2l^\0*fGnq-?FЯ#K[	~K?^jv?c+Xs\Z[λNO\"EOt46(6}9/tZo\nx8t\Z\nƭ`\\)\'RA\nٌ#j͡O,R`BR2(@\Z_۱8+(415(17|r!dkg\n\nj]WQ&ΤoP3/%gղ}`	\Zޗ*jej\'XT}wqxk0aZIIl7R<<\Z<69fx*/?S;><ئ9@\\o1G<Nn\n/!2/\Zq!+T;\0RY@Ăq- &L@M\'R@0r\"\0XtW\'\"\Z.lbل.5*7ZW6)=<97J3E;E0ޗ0Ju#.ŖS\'!^@|T}&!bt-!&LByɄc]+P#qk8\'YmL\'ָyrZF?G$䨙$<ɸur};jc^2|gٵdOVbRr-G5@q;lZQ`dt/:^s\'C-[3dmP<ES+<XЮăPc_W+\r.<[ÃXgP*K\n:d\rI\0@B-8H܉{T@j.Bէ,jעPy4Pp\Zۯ(Dmv\r\nnoF9xhXא/o(Ԋv(xe!.(\'\0ZD\rNo6\"(Ts\ZPYAbv-\n&{9ap\n4(m\r\nnyeGP֬©ZȀoͧ)3NB).(Czt*\ngMH(+8HFp7!44˯4pbk-7+ȴ^΍	fȀ. dtsԔ-`s) E\\筄	Ol8}z!)?Ny.lBDg}<892Y\'8qe\ZarCs\r\'Q@,dEZW6uW1roV͆q+_Gr_M\'r!8돨QMGg,Â|]r6!GDHAi$~JIjͶkLEk$W\0u(qWr|RE-.<r`}j:EIȰ^K	y!u {p^\rn C58ن12\0Z}tT=!n\n~O)vu@=^C:Lvk7xLD\"X4}<ƙݻծp{k0p\r+ [vxWja	.iM\0	 !q9| v:yZַ\nU(	\nkQe-h[n0&g+\nvTPJE5TQAJٚ#sufIMA_1\n|U_?>h_	\"qI|g8*a#TT}#BEZ*Lb	AEрPg덥u!$[C_H 8!nEm W#H-\r\'W\'C@܀Uk_\\ʽիԖV6-6׶	#wv UetkM5ū+e4{f쵢DGU#݂ϣo$ZDq1090B_>}`YQ7\\u\"LCi{7p\\gV|XMCkCԕ\rO?*_D/M:,3?=؝Lwij->`\Z[x=$iY!5 \nB5 DjIZB*W/DG{9\Z&T\Z&<!ۜd\\A&vuEZp{B_\'vح*LTQcէL\\)7az+d~b-VvZz>ݤJG:_ZA_MUUiߪ5[W\'xI1?F]l({~E9t2-El1֏ޛV]g\\H_C\0R%M@,49	xlt/^0<A3Mpj\rn\\hP.e9mS];.\"+>l$pBOW3!X\"K\0j\'~+	k(]7<BvX΢Ey +9 f#xlUzvHDE4M6o O\">Hn&j P8]J@ډR\0\\	cklNl%B gp-!G\Z0h63d\nG4˳h|	3\\|8%\'\0ZD=`AT}zp-&cm3͇׻Q!i|6R[0Q0`Y`PuFԺvxm\\ZfGJDt9t<zѯrM?UQp[	8xH	ɜgWV)ݥ..5@ @kp/,#\"[_@v@{8pɛ,ef!PK)_A\r,deV\\Cg&,Xe}\"y4GoL>Jp_Ð!H!\Zz΃&ٚՑ 5YDn-pC|?i9H \no|nʵ<H4z	ǶRx+{й3<[Ãm<\\7lZ܅3`#3c>2gI)3&JNPQ<NFG,>a!ň,,}\nOrODM.pm\rQm<\'ul\\نπy6r.b_8<w(p~侀A6J<Tia1YAPM͸kMsvn>gjٍ<6Yn)nUtNɳLrShlC\Z>,\Z	ȫd.{ɮ}\Zj>v-7R_R{0~a:ߪ5sjAoznY~Vn cQCI	Q͓%:&5zfWO\"Wg%0[j/WWo?xW\ZN@@\'\"e9dkZg)CԄp	Rc>E-5(F0\n뺌	`xu8,^\rC50\'l}ֳ!*reѻ~=\0WW\'Nϟa_鸤-׶	ﱱ3_K8ys467s΃+˰\0j];*Wֲ#	9\Zre-<\'\0\\@T;i\0Qk0!1ڐX̀\"4:ݬ:A*\n9ְX`C- [_u3,j.9x|PA\'1\0rKU_\0^\"}k0! @m\0!;\0<K_ Ak\0Y\0X\0H5,w]\'7M@\'K	?iϴ\'\0,ֶ	hϧ8Z?lTtm<l{O~fr-_+=Q\"M1|wߓiZ8-_dJW}>Wk[ބց}/WȐ~N3Z?Ěw/[_Cg.k9u|	E\'SABTQ$)!{#fl^3EZLd!B&^vB~4FX$kЈ؝A#[_ϳw\r*c\\	EՁҝ8Sad3`/!|2Cɝj\'\0O\')XĄHqPڙɬ>.\\ߛb\\<kp_,{\0Efm}VA\n$\\ee=Ew@._ |mlvMhO7Z,	Omsb?\"Aʊ@Rۯvc|;ZJ]= ɼ,\'5=܎W{YVߵ+ܗ쪟t͢i؄IA33|d]CnjtH\rn#[A\\(`fxR(u}鉂fjtd(7v-o|R?j>h\Z/݁ϺEZL!d4,]0{C䨘މ6\n5O(给vDELdCP0ng74`WZ>\nܞō@5.>KHZˀ	x\\Ϋ/0t@ \Z +Ov0P+19ZƣaU><)``WR>	nÆqڊU^F Z	xlu!8Y6p \Z8`H?^JNԺvx\'8\"y:M9{sPy@XB^:,<`QfZ,LC^6t#*\\o\n.5Xa4a73, ~yӫw\Z,j];,FtQ/ɧzy2]u49[.A5]\">=``1K^u+t{@P0kp3c}l}ŧ0P+1sW1WO,,yَ@CA-y(pc=\n\"A X}\n\"w=.G69L@Űq֚ [_5\n%iq\'CC-<<6<Pi/,Xhe}\"`]<R)`ڐ0XG`ʈF`pZo$0Ԋv0DE,9[?aO`gCvZAէ,b`>\';^8m``F G\Z0`ҽ}Ae[1V *r\"7\\e\Z,[`WZ黷+h\rTkC`P&b@\n\'Ϝl#(=T0vj3Rf|	}W]}\r3<\nZ813̙\nxO/#\0X,\Zdk0\0sXW@Dj\0\0\n@5\0M\0\0U\0zv\0DEpJ<\0pgòE\0\0P7u03]~\0v>\0`a\0#\\sfpB_^VrH6X[l9UZfו(0:eyP j<;gzۭ`WZ>6uh\n|\Z>/(X4E\n貱9oʺ\\b!5(͊B5(DQlXp\n(dTD\'\"I\ZP_G&p|\0PAOPg֖U!sC>`AT\0.wCj8p	k8p3s	l;HA MOU8L]>Hi,R@x4	Z<$T}z!\"h-	&Lp	ZW9ڄCi8PXAO:MW5HEu$cTc/K0nC|w!ߺMZ\0Oo#X}<|z7HtS[.$pXCG8\\媐9:OH6$x	 aWZ>)?y>-lHp	IkI0am3\'G/7ޑR\\o7HxU!![ֵo6$x7D	\" Qձaz1n|_Bب%_-2^hJV}#bl-&&c/儲ezxpEI5a-32,5=׵38É4\n;?_֠O\07%.,cc7ZNQC`H[	VD(\\vtlƓw,ҰB5,2:ed4È(úq%(/V.Յ]j=vf%,ܸ	A#[)׾PC8/CY8;Z9rv\nk-7֪<OvMc˸m|G#D~7L2F3cIyZ34,9G\rНgZ\0pFmV8rЭTlFibو	64N<Io\\țF~,m/FM,$Pcud1[I\0z\nmIڵ\0E1ohD	\'QGPOn-r_Z>vg[\0vjt\Z		kI0av\Zq~oc]$<aoHxYA	7|r<Hd/AVC38?\"\np/59eO}	a$X@˪ 7HQ݇ZHL0w=GҞ_-\\ipa#\Z0y0!05F(g,<JЈmFPE\0Q\0]N2bVSy]X%}<w+gb+n\"m\r40#o\rnf^L ۹~`u`0qhyq\"W6vuPnC	PE)T}ص(B8jވ<*_pAzkPp\re[uB,ԃBkBd7~Q2͑(y`a?0\"N=V0jȄ`]BEէ.,~ra>HL	܅zt\\pE5\\qR\"[T.j];.\"5{a̭e<]	Qȃ(:u0T} t-&;.ÃBA\r.HSl\rnf .ٚoT8Pف2bBȻزvu(|x#j,>]@`!ى~-JyP{C+9PfFϊnw\nMWu@AhGgpz0EP*4O(PP\'\r/{3}:,(t4)paK@=JiMaHCP9[@f>o|D\nȀ5l/}W|_o迷_7]g3V\rQWTF@H\\;>9u\n Ԁ\nB5 DQ_l: Ժv Dg+kWD]j0̓\ZPYxp-[\nD`#\ZOҀ&+9րfK@	oM#D{\Z9P͕9NJ\0\n	`Q{X<]00TkdAY`0a{(юn!R;0xW\Z\\Xa7`C9^ֵ\ntb40LGy~p\n㯖(ޗ8jJza;IG7UnH<ZOQrk\0)89Af	:8\\ipa#\Z8`V\" i䡣uhwCm]\'G.MWG\\~6%EO\rƵl7.g,!y:7UA~jƕafh_V\ZRUp,=(4ƝxgH	@QPp\\8pPy\n\nkQ0a\\ef9(ގ,]#Xpae!\Z7fX}Nn\Z\rQ!\\Wmc7^u~$P\'rҐPIO$OBŮ/ˑnAPOq4(h\r\nQug8oM!mPXo\"(NFF\n(X*@l[~:$8?l.A\"q-&#A2v~\\d~`Cd\rpRueppV.rd\"\nu\n(\\dkveEH㦻N|3f\n\\D\n8s2qHx<ovW;怒\\曲%~GyKCH,PBbdF1*Xo9dڬ>|6+9fpkI#[@Qk΁:18S%7OO\0	¨+y(_j]^H\nUCJYrv d.;zXs?Z[n\nH >+ ar^6Lk\n\\oMOBHd:(bn)+ɶҺk?3O~Aֳt4:Gq0a	N(悁?E7WlņIAVj17~P0:u6=2RjZn?էl@ߟq-N&+9E (O%DdT|u2\"c{Jp<\'N6o$\\n2$~;ZK^>y^,y(4-&ɟ\r$nBr\r$Q~Zπg5;:G)#Q7H-ڙ8)+Z^0,ׂa>aQu`j7!mPr8!͎6<w*@FiGFɨ3CmF?I\0\n,.F\r\Zuʅf15j\nTOXOvR\"\0\'W\Z.\\Xȱ9mFN[	l}pQq;%#\r4>S}	yzy/7^ӭ~O$XĄ}N<8jxW\ZN\\X9ɑ78aqI1pRq0`ǟ鉷{\r&Ҽ,`QK(9_ѓec7`\']I$0Xȯ	T[ELOH\\}315e=I5$rٚ\Z rbݲ, |DxӹwO/r+\ZͪU ^	D=y\n\\h0뽆Vr<a͌[hV=-sۊRO-xͷ.pC/,[E->|CTًNm1fl2az-&d&$xS(\\oG.V.rD͜}l}_D\\W,Q`Nd/dzk\rk\0Į|r}81\08j,Tς0A8뗘Ź|aCF Ӑϯk뗡,XQ^)r.gͮ:U[\'\nc~r1Sbs#Ðeݯ}ϰ8]\0zMyK\0e	&$\0t~\0xX\\2]mn k\0\r\\\'\0ê\0V\r:*\"\0mZ 0{34	`?\"kjVkU|{h+$X̮%Lx*H ~C	4$ jmِ\\+lZ\n	QS@gp~uA8k#		`\"a0Y/LT}VT]˄		]G!k.<E[ĐɰYȱ\0\Zl,T[#_N\"n\\9Y9ڬt.ޗ>j0F\\~j/%\Z!k	1\Zب*z4YQ-mm̔:ֵ#2ں.>t*,Έ@B-`!=d	z?>!s-	&d_!no-3At]+\r	.H[х8ތFNG<-3-\r	T&4r0gL;P[l\0jk+`a/Ej/1T},8X}<8ۅAn8[q5AVr$6ښ8ZπX[/!2c\r®\nxR|P}8͆n3 kU,ׂ`>\\l\ndmx?2?DuC!5mV\"rX!͌+6q3=U#3<|e,m:DI!m QEO\"HXDEꚉuGgx\0)(xp!LkHp3#)bᅄlt٪j];<i9]^sSa?4\"\nM`$*}j.}4T}PUO	A;_\"8F=K\r\r.4ZCCֆl}OZ uWJ=#{*,P75=;o/K\Z#ȪO+gM 0iޏ\'ނy[)A]j/fOlo՚^7=Uy*ϡv7[;Ȩ݅VģwT$:}Qqvs#FDxf!5H͊D!2$x&l}$@B*W\0\\$PM\np@(`R,ϸS\'qzGच~a5pRkNk91a&b_^W\"%\0ЛdH\rnCmz3Y,0\0ٚ]!umr]9cC8Ɲ`\r:(Ƀ\nnjxLb-:$ԫ҉ VՓ`B&AZ\Za2}$0{U#Mee!\Z<Bf}Tq$ZS*<|zTlɟ\"x(jA(`gD?Tsѡk	TD셝U	,a]:F+9P?<\'Td\\[b@EdBm>1=Ǚu|[/x_B\0)e;׈q; IK9\0aHV	&v}(xf(KuyDq{{m\rnfyr`#[3լ<Fhw3XC0@%9=\\/:HԢNW?|F\\ulQCDէG\",^׺2rH\"z|u=\rOz\Z:\\X!73:D/:ioz4b38$Oz	-,ղ;H!H\Z1j\0e$#U-,XeĄĈ`ģkǝeW\n{QuAi\Z^Ts(No7(\nh0kFA#[UQ\\4<>v\'-pBV\0	!q@>!ES:VO` ^	0Dt.گl4˭pai-Xȁ737|y.`![?t#,Ԫv,x\'z报9PiS@)!!ΎmdͪF\'Z0L`,%F/تhO(c{Ç+9>2>NG~hP>j9S|g70{E8(n6AoZJi~쥥K[E՟ug!MX,h~d&8йfAƼ܅r!iv gmyѵ5U:\'`p0瞗\rQzfo-\\ϫ=Qj=;E{HVp^6aY/`R\0@py:`\rnRp7.(ּWJox:\0-hy] jQDسa\'RCwˀz!)?է6,ײQ}g\r$<2r۞Q\n\0{Æ+90װfƉT65DQ:Ϝq%:\Zd`e|{?__l5|O#oqMȾAP#8ǜKd:\0.[}KZ/CXa1\0@~Ku嘐JɏQ.`_N0\'$`A-88Ptxv,vג`B&Ar\nFn0$\rA۬$x[CBpBB&ZK\n	(^%ȚMFqSfҚ\\4r{A_b/Nۃ7|N\'XĄ	IqE^Mϴy=hhH\r-nҒcq\r-nf~\rŃAKf~\"֠(~#2?lK\"VJştS	mF:nXH+8X\n;D~QXꅤ	,ka1aXY<JnaGL,1=&\'o\"9&װ2B~f/mVj/8V<SePiDD\0/?\"o\0ZJ2@\nUUȰ^KtZdxWf32<aF\\j܈+\Z9Bנfa\n3hdQAC*ݸȀPPG\Z/F\nШ+_td{e%Ȩ+!iҚa:1at\\L?		9!5dJF5dD(]FBFfJdH2<=K	,\\:.ўI-%s%toK0Re#U\r\'XeĄ}F<F?L\'@H(\rnt\rnΤlk Cڐضؒ<ΰ4f7B-ρae6cC RBEgU*gMłf/\\b(n-c$:V@BX\0gm+7+ɴp-M\nkW-~Xع:	כ)~K)u5۟q#(9<Z{F_\\L`4s/H`)Stq1VrDouaf<7<d뇮߁ZfEdԴQScY)QX0nUB-t.ϗY.P͗%a}]qq?Ia,lR+|k@m 0 d뇆\0V\ZU\\޼t0~!ˋ\0jC(Xvc{zAˣ[(zp (XԯE\Z\" j+OpaE!\ZP`<&\n\n[VKPA!dۣI\0\n	@Qښ\".p`B5\nUNGP_		(\"9{$O#,}*\rmVr!Jb\ZeEKPu{ ){2H䂲#\\5	7?#Z~`sQ9\",a>f{\\휃+\r.<0\\Ãs`n<dkuPgyBz pCm0O\0`pv:7T(zp($X%}<vlI3	:\\i`pa!G\Zl$![jhuhN;\'|wqhpg\'>\Z@C.\"\";tXh?~\'\Z,V`>\r@c7{i_<AG+\r\r.4h[C\r8rА\Zj];\Z*\Za7GqĴ7/\r\r	Qr~i\Z\"CC5ޡ|BZ\ZL44^\"RS2+\" (E<$۬,ZÂm/ykIaAjQv%(އ6(\'\0\\B\rtABdA}>q-&sQp|<A\\i+	9֐fW`z ![K:$Ժ6DFU!(OlD@a?(\"}D\\zMZ[?\"␛)˗9dkުOH(<~_if0È+afH%o՚O܊]= 0ۍs߼[sԌ)^LefVބq!vzUSZLsOGۮ|P.v\06+ 9\0fH*ȿYR,\0F\\FB\ryaW\\>TamLAA5CjV=}r-&d\nGL=<}b/@\'>yK^kB2Mg\\\\i(#t\n\rz9ax_B E~$q!n><C`Ra,>=`b2&rd./sp;犉\'*Э)&2n\r#nf\nHdIs5F\r#g*[#!%HY<l\'\\Dms{+^֛AD6fs:Q3	k0!!chF{4p}漵7 \0+9րfa	/8Zf(yg۠\0`WZ>)?h \r>{t-&C3>)y	@\'h^=Bi8plk8p3@CpuԪvYQFAO:DxB{cK5d	`\"tET*Z\\4XH<ص\\υGXx3o_C7|xvTא(\\H5mLQ)LOyXPaE->vG}	TEWBIm}1_I0=`b1sOl~51\Z?cѿx7;\\],R)RAaY6\nRSS=׵TtuϙNM0jF[Ie>6M^|%q Ͱ*@\\|r9q98Cɟh_Ӑ[4`M<la`(Qx_OHpAM0\"j6h$Ăf$kqldRP ։󄂒aa@tvJ`15YSF\\ 8Liڬ % 6e_l\Zs0A(ch \r8DC p5imcQHaq	vS|\0E,֛zAQ80KK5E88N`\r&pPr?yۿoy6.>}v盁.q`fq<tn|S\"{_U[h(1zq`$<J0\"jCqC&EL\0%U\"\\뱜[0)u?JfJE,LND[<H	\'İrNL0IEFC[lp~=58[GC6XЌ\rπtOw6\"mlg=AĨ}@ت\rDY^\r8,2uf&CfSwtyZ\\P0%(	#A!hCmB,lƂ%Rvzg*~rXTXpW7;	9!	z)`X.`x׎YQ-O$Uj0AW30He\0FnE`Ph@D`ң@2\0JZqPwࠠ==2D[3dH!	K08Ic5NI?b\Z¯\'X\"M~`Xwt+bA3*JAU\n.e\nK3F0oX7`r2vRL0΁fqOOQj:@<\"j ~sbv\01ԮVD,qD)tU)<~FG\r0&qCC;s\n+	BRL0C]rLǬ3@R\r`X#P\rvS0~ܿQ+\0I,N:\0`hy>Tlt* ?ܚ[.}&>~霝r<M7%b6T>d&j	.!\ZW3/0mf3<UF-n a{t*HYqBA?xPwUEqB 	fCHP\\J	I ,P\0D.JHpgbjRMt\\H<(Hl-W9PV;#x~М0\0aLѾzoїjQI=oE!Ki~z@\nEtJXK&tk}La](j-\nOCX(سBL3`IUa,z~Y{ϣql-}ꯕ}Q%}atses0#)h\0ZQpI= f7(j@caNv,4\0~.G][IAC\"P:\ZX_PK@(V&ݘP`)h807[D$#3]VNb\rmbI!B1E\rxCW%TL)!ڪ	<\rPM\nk[P`dc£YqE$ r@BLj@~B\ZmmC\nqugꤿP̏<d]QBwPH[(;I=(m$x\r`\'e<\0LEhh@\\ $j@\\\0@	 q܆Nuؙwb(\\B	ntV;IM(\r$Іep\\n,6W/~,/ovnW|^%|~߬Wll֫ɫz1yb9{شurF6r|<f4fL?Twwqu{|rz|2y^{jw^MWW7jq9Y>^.o\'sz|~qvw-/(g^.n_]l?\0\0\0\0PK\0\0\0\0\0!\0lM_Y \0\0o}\0\0\0\0\0xl/sharedStrings.xml][o8~_`gwX_d!JĶ_&=8rJl)ǲ&+RnX\ZLWX,F{U2+_:_\\\\Cm|9\\O?A7/9>jϛtGRwm4Y4=-q]_sQmUUUWNrs]|_^C[:Jϭ->˟dD!ݧafAZyo\"<fͦخɿ \ZcYzӢ	CKdX$j霸~HjPG\0NYn,}iyt}d8*]0$?snnwHs^~$(FK\\N*V/.S*XUMj^Nq&Qu$t9\\:(edq|	DoZSy@V=g{̷q;Akj\0Բ$ۄ~g|L	H3!DݮjJdkGٗ;H8&zA)8-nV=,*~QW0cN2u-@8g2qF@:c8<ĳp\Z݇(iy2ChQ_\'oj~j?պChre\\5O^}vTpϴhv<zwʞ!Bswy/0avmS<\n\"k4娵8;gi)-6kMSl]Y\"lC38h\'=[&^Wkf\'-oq`Ko^su/\'|T<^>`Y=f bٝ\0ډ.\nCH+8lNu:r\rI@ivl#g+XReǔcku]ѺƱ:l92T$8D	3pMO8Hn 5f2\nOSxg#qsfXo)6OS:h\'z;\0r43S[[*E\Z7]|Amw6?`jZ]aT3y,~}s68ᶤpJlWLu%I9CTڅh;F*Hb6qI(;:=H^];k>\Z:{47]jrR2(4c/ݮ\\mKciFl-dH\'C0BOHÿNcl|̾Fp@͖TAN_q4\0zMqܦ kյF>XMdx\Ẓyd]z҂[f8!#;&q1>&g7<h^eIz|_Q`DA]ml+K9=8M|N8h:\nggv8ma]C2\nlΩ t	gd\"Ɏ&Jq11kL@\nY#H~$Zp|-H81/8X}8DX>9!`VZLt|.+h	(Qdf!xK?$Z>]ɞcY8pE\0r43Ŧtt́:qG$F\\Z]Ϣ\' G3pan$8_SLz\0ܜ)3 G342pÆ\\eouK0:Rnufp7KQW8/)r>\0ul@f2vrK)ڋrGTL@f6hp^$R3ɳ%?|l͒IGU80^&yKԢV[դ?\01!W cj9]HU}g:]g{U>&}1\02pa)Z8añv0m_\0 G3\"{W/X᷊#ݞ8?8!4y8Wm4t]\0P/h$<3tȳ\n5JZ%ٞsRQq!S>ga^\rb#Ě14ti<jq?|Zd3s$ \'6|T`\ZRӵաqUP;h[XuE΀go GX6?D\"sPdIQn$C8xҾ`\\n\Z<wl±L*^K9XmVXg\0(r\nY|jrTHdH.˳jtOHŦ*z<-vuM<V\rt3PH0rS,{M1]de;y^N%0QM_6kq2^H,;Jv!Z<X h-G̲?oTU`s>՞(7+  G31߲ ^E&bzsx4\\<Ƴ{j`!gqo<Q7	<^D+@R@1]аM\Z]zS\nrWIޑU:P>GEHŸWP|TO(̃PzC G9eOMfiP\Z\"Ӆ\nۅ\ZG8h_agWW(nqPlW)1DS0AH/uZl9u\0Oӳ\0:x8cmX\'4~ń\"\'yIt>ůEdQRr~#2㻍&:Cʖ:U%-ǯE\n1gXϖ:d}cwX2uP(oJn[s%oaᦝ	N̐Ͱgt]e8 %0p$H W(dN;$D`|! @=ˡ©F6>;X7r4}=P\r<@,[hRd\"\\OEB(f\0v$q,3Q.6L\"hJ&d=!\'򐙱h,[HNĤaB!R1\"@1-MIBNV&CgZIj&̹ц:E9=4,\\Zd\0Ʊ$<&@E3&W{I\Z2S==BMvm:N4ES~!J^h[Ra,cBL(a%GxL[.FC_`\0\\S[l쾎>\nmY7@A|pZТ#hXIa*;dC[NS}fDϞe\ZexP/\'\'!~{@\"_\"lpK\nMhɺZS\0ܧc}yIyhZ<\"U;}<ߐuڲ# h,z<+2u]v7cmkPtQGu%;Ĥ[\'`I	{StU{ERjmMrhM6Hp\'QndV@f,mU(kߴM8Ghj\0JR[LgcpD7ImivX%82\n0;\0yv2B_BD6y!WgJaGS;IIqLD9Ɉb*ȳvbS>^\\\ZP}c\\+u\Zh#Ӱ\Z]a>ZS! w;4jktgQGTo$]ܵ(L)>ۥ:S*@vOJuøP,Dݑ#al8RDr0p\Z1🈟(BF7C);Ukv3\0&/,q6Ś|cY\nT.QeH|0e-	!z8O0MMXԖ!tͮWn7=>ޢ\ZxgQkͣ\ZrI< q,MôRGuj#*R·ԳC~Kg|z\rdp0L-kcyxK	1BM\n:/\'/N_o@.J=bҟx?,\rZ:l.zpGh\"FWHSG%\\,i٪5q9/\nwuj%{@[xv:,DgQ#|)vQq䥳ecEZ;8e&?f[*vrz/ ]\r\'#Uni;Z\"L:9X#v>QtP>`l|DCp:RWi5[cDߓ3COpt\"2N@FT{a(phorTT	ƱA6MV!+/jA8_^o p\\d3CBvzhHL\\q/\"S)Db%ʴ!j1$Ӂ2}HšZ$fUWEvE] Y7t#!!4t rk`lx,h	yU~ɋr5r`vF8@`tqT4!]U\\Z\"@!|,\0ȹлRfgzM[xQhFIikct*pr9?Rr>oϊemDYzƵa|<\'1^ϲjt0[}\" 9Qa\02ǵ¦\"l/Jx3)P8^@K&Ionf¹}Zr\\<AxWڻE$]aPdSuM&>~|4snP8Ep8Ƹ&lCSlZ\0r4CԅmDc4s\\?*n(*o 7i$mD&or%Z]I\rikQh kIBOwxdFaCM[CmV|8ĬPlJKǄe\ntp*\'`-ԜG}QĎG9U	S`N88^\'6\0iY*zn^p]OEZX(e\0!\"yD|msKY\"BHh󎋂S`?mYzsj5dgoc@?u%1	.LpSG|+p/eLnI-^n\\\"Qy$ƽj.\'Y\'\rh^\nT=	wlfm0q>4^:\r\'hSzi>4&ێ6[xs]Y%u8wΖ+3\"=$(0BOdZ1:;.!ag¾.%ǡCHEv\' G3rԎ,6{˖ap3j	\nB(i\ZM:\rGăbr\r@f&Ѻqh\nX[nR|h@h=^9\"LkYp)dJrk[rBD@#qPk=^|r4-Z~s\nfeARP!^r[R7k?<oaM-,D	ml?K0+IU_}ڸ9j(eьtM9Ѕ&dVl`Tզˁqk-&n|CZSF[|a ngjVw}6v}~ΜK`,ɿ\'~|uHw!1M5a#w˂R=rOPM\0P\ZPߦN~-ۙJ*`YvE}v*ĥ	f9VN%%3p687x{M7чSкs\n\"g@/t?ɀ\rsFH\0j0iߪd!\nt43oS%}!j\Z\rj.-Fb0bSW´QؾNJJ|<n>=gH\' G[/ӣ~()ޖ|@}kV#i{D*cjޓٜK=̒B))J\'Zr,=?ch,G/\Z݄̃YQGI8!\0H}O	U\rÃ$|PbC935.nb|DmLi}\n.=n	\0JTp|rlǈOT=jOżvb	0uHSy/Av+@IDH^[?2w]4-vjɓ=\\:.[=qٮhEt!`lY7uGET?F2	Ʊ\"pәqz<RXrv㵺G|\0\Z韩w2gJۖ4^=<$`\"{|-fTAv~-YP?%g{0[^3Ap\r#oP;9Ȕ̐<ΕPz}s+i]wG\"#5@o0-oCxbVa`z <\'Mc \n(\\iW8\':Y椷7W=[V{i)\rB!nZWpDb8\ZX40k$\nAoh6aEQ,RłCD@FG\0{ԧqnep57w&U˹J4]}W\rrc%44}iǰ9m|z=F+tOVT\09η,tI5r> er)nC>l\\X$l5CUz<p2RM~CSȣ\Z-%+gvψڄl.@*<p`2,;xkݹ)Jj/酣ԓ13E;Ƶ&+\\<@0OПP*h,\0r4CMY4֐WhFM,C4UK^:g-`&)pkQpe61$DMɋUD_!4Kr\0\r=Xf8&Mz¢gra$ܒ3d\"7Qtڄ_cie\\%fx%\ZD+Y9@/GοEiN0E]$>_>\nnCPc\nt-UZm).\r?e\rPzId.;t(}I6]\re)>V3XZ̼Ys\"ڃsm[؂o3.(-Zxĉ^NaY\0hUئx{KxyUXƇ5CO	Y,<Ʊty507,WФ?\n6\\:xT4\\Mθ.= 8D;CS_yle1as5DOIgC812Ĺ2U*f>d)Q	>øԭ_>|i(dMg:qd\'8j=虔dfc*h$b=e*6Y;\r.EeN@.$|iYR^Z~:\'MjgqɁԯoI=j2e\04^zT$UVjD{ oDFt\"ZT\0r4kK.,2u,KYd&|=`\' G)#g5\nz\n	xŽl4F;r6l&*~hV]\nx (݈o`\'h.%DM7bBlh{Fm$6w4ϋ\Z]p:w\r& G3e(xMr	nmb6{Ʋ_10~ZTpA4\0r4CSrb9>YX=5}ѭ7!䙝\n G3hAyM$V$VpiCv_XKe.6jnIYv#\nΦ̵OhB\'B3vӧ8#FDp-;&Lے^=\"gDKV3B`pCb&>j힥)-(ghҧ+d G3Jg9g_Y9ʓz6֒~\0&qV/FWxeor6p=}B>UmU?|Z+JǴ\'U}W7ғ߾ռ[O_/a둚ք~We>jXO׳xC->L_.W=jBWQ	<县pܿ|jL\0\0\0\0PK\0\0\0\0\0!\0/\0\0\0\0\r\0\0\0xl/styles.xml]o \'? v5MTi&5v18|XS{~z>;Б;/jĈf+inb5U̇^Bhxvma&qV>.Ҋ;4x l5{nfuC,O,4>:Z*h[Rvb+YoEX\0X!$㯻ܐ\rR	kG̶&V;l}18CUHdV:@h,e|N,ej!$X%-&Ic|yX$Z QdN`x70~|\rzREШ!mY@\"$\nB2@\0øRO\\ȴzCciAp\r?\r3\'Xԉ5]Mm\Z?n\ZЫN󛒵|pi!zq.7ӉQ\"L\'Qlc\n?V ͤɬ90ne4Qgi8bmUO9㟼LUцf[%?\0\0\0\0PK\0\0\0\0\0!\07o\0\0=\0\0\0docProps/app.xml (\0\0\0\0\0\0\0\0\0\0\0\0\0\0\0\0\0\0\0\0\0\0\0\0\0\0\0\0\0\0\0\0\0\0\0\0\0\0\0\0\0\0\0\0\0\0\0\0\0\0\0\0\0\0\0\0\0\0\0\0\0\0\0\0\0\0\0\0\0\0\0\0\0\0\0\0\0\0\0\0\0\0\0\0\0\0\0\0\0\0\0\0\0\0\0\0\0\0\0\0\0\0\0\0\0\0\0\0\0\0\0\0\0\0\0\0\0\0\0\0\0\0\0\0\0\0\0\0\0\0\0\0\0\0\0\0\0\0\0\0\0\0\0\0\0\0\0\0\0\0\0\0\0\0\0\0\0\0\0\0\0\0\0\0\0\0\0\0\0\0\0\0\0\0\0\0\0\0\0\0\0\0\0\0\0\0\0\0\0\0\0\0\0\0\0\0\0\0\0\0\0\0\0\0\0\0\0\0\0\0\0\0\0\0\0\0\0\0\0\0\0\0\0\0\0\0\0\0\0\0\0\0\0\0\0\0\0\0\0\0\0\0\0\0\0\0\0\0\0\0\0\0\0\0\0\0\0AO0H\"ߩSVrhZسq&kGig4e9q{y<vn\n1\"`cºϫ_W\"C24>(P\\gjb`Q5s)ְ18a9RŴ1˴h$/A(<o>Ő8o黡e\rku4YC|Jl+u\"΂WrlS̹M:WrTKk<2AcC=Ʒ0.V-[SBd+Dk3\r\rRcz\ZPI6;{ǵԳũ@X8E\\9IlL3β㛎>H_*GPoY;CpiS-k;:ǆzY\'߅&<x2\rzz9g9w\0\0\0\0PK\0\0\0\0\0!\0_ؒK\0\0e\0\0\0docProps/core.xml (\0\0\0\0\0\0\0\0\0\0\0\0\0\0\0\0\0\0\0\0\0\0\0\0\0\0\0\0\0\0\0\0\0\0\0\0\0\0\0\0\0\0\0\0\0\0\0\0\0\0\0\0\0\0\0\0\0\0\0\0\0\0\0\0\0\0\0\0\0\0\0\0\0\0\0\0\0\0\0\0\0\0\0\0\0\0\0\0\0\0\0\0\0\0\0\0\0\0\0\0\0\0\0\0\0\0\0\0\0\0\0\0\0\0\0\0\0\0\0\0\0\0\0\0\0\0\0\0\0\0\0\0\0\0\0\0\0\0\0\0\0\0\0\0\0\0\0\0\0\0\0\0\0\0\0\0\0\0\0\0\0\0\0\0\0\0\0\0\0\0\0\0\0\0\0\0\0\0\0\0\0\0\0\0\0\0\0\0\0\0\0\0\0\0\0\0\0\0\0\0\0\0\0\0\0\0\0\0\0\0\0\0\0\0\0\0\0\0\0\0\0\0\0\0\0\0\0\0\0\0\0\0\0\0\0\0\0\0\0\0\0\0\0\0\0\0\0\0\0\0\0\0\0\0\0\0\0QK0C{eUJჂD-K`$ߛ[sϹ\\RXUH\0\\m^V\ZQi\0ͫˋ59n86$es֔h\\cl$w(/n↲q%8ʩHDG$g#4uC\rDxi\\蕉S\nwh|c)A{+Fc۶Q1|~Pݭ,gӦZLԺG\08T7UZKU[<0>T>T8)j$&Yg!Z4OfyJ޻g]a 9ML|M\'@>7\0\0\0\0PK-\0\0\0\0\0\0!\0O\r2f\0\0\0\0\0\0\0\0\0\0\0\0\0\0\0\0\0\0\0\0\0[Content_Types].xmlPK-\0\0\0\0\0\0!\0P|N\0\0\0L\0\0\0\0\0\0\0\0\0\0\0\0\0\0\0\0\0_rels/.relsPK-\0\0\0\0\0\0!\0;\0\0\0\0\Z\0\0\0\0\0\0\0\0\0\0\0\0\0\0\0xl/_rels/workbook.xml.relsPK-\0\0\0\0\0\0!\0\0\00\0\0\0\0\0\0\0\0\0\0\0\0\0\0\0	\0\0xl/workbook.xmlPK-\0\0\0\0\0\0!\0%\0\0S\0\0\0\0\0\0\0\0\0\0\0\0\0\0\0\0\0xl/theme/theme1.xmlPK-\0\0\0\0\0\0!\0߾cQ\0\03\0\0\0\0\0\0\0\0\0\0\0\0\0\0\0\0\0xl/worksheets/sheet2.xmlPK-\0\0\0\0\0\0!\0\0\0U\0\0\0\0\0\0\0\0\0\0\0\0\0\0\0X\0\0xl/worksheets/sheet3.xmlPK-\0\0\0\0\0\0!\0|\0\0[E\0\0\0\0\0\0\0\0\0\0\0\0\0\0h\0\0xl/worksheets/sheet1.xmlPK-\0\0\0\0\0\0!\0lM_Y \0\0o}\0\0\0\0\0\0\0\0\0\0\0\0\0\0\0\0\0xl/sharedStrings.xmlPK-\0\0\0\0\0\0!\0/\0\0\0\0\r\0\0\0\0\0\0\0\0\0\0\0\0\0 \0\0xl/styles.xmlPK-\0\0\0\0\0\0!\07o\0\0=\0\0\0\0\0\0\0\0\0\0\0\0\0\0\0z\0\0docProps/app.xmlPK-\0\0\0\0\0\0!\0_ؒK\0\0e\0\0\0\0\0\0\0\0\0\0\0\0\0\0\0E\0\0docProps/core.xmlPK\0\0\0\0\0\0\0\0ǻ\0\0\0\0',48873,'2016-08-11 16:51:35'),(24257887,20160857,'ActiveTbills.xlsx','application/vnd.openxmlformats-officedocument.spreadsheetml.sheet','PK\0\0\0\0\0!\0I`\0\0\0\0\0[Content_Types].xml (\0\0\0\0\0\0\0\0\0\0\0\0\0\0\0\0\0\0\0\0\0\0\0\0\0\0\0\0\0\0\0\0\0\0\0\0\0\0\0\0\0\0\0\0\0\0\0\0\0\0\0\0\0\0\0\0\0\0\0\0\0\0\0\0\0\0\0\0\0\0\0\0\0\0\0\0\0\0\0\0\0\0\0\0\0\0\0\0\0\0\0\0\0\0\0\0\0\0\0\0\0\0\0\0\0\0\0\0\0\0\0\0\0\0\0\0\0\0\0\0\0\0\0\0\0\0\0\0\0\0\0\0\0\0\0\0\0\0\0\0\0\0\0\0\0\0\0\0\0\0\0\0\0\0\0\0\0\0\0\0\0\0\0\0\0\0\0\0\0\0\0\0\0\0\0\0\0\0\0\0\0\0\0\0\0\0\0\0\0\0\0\0\0\0\0\0\0\0\0\0\0\0\0\0\0\0\0\0\0\0\0\0\0\0\0\0\0\0\0\0\0\0\0\0\0\0\0\0\0\0\0\0\0\0\0\0\0\0\0\0\0\0\0\0\0\0\0\0\0\0\0\0\0\0\0\0\0\0\0\0\0\0\0\0\0\0\0\0\0\0\0\0\0\0\0\0\0\0\0\0\0\0\0\0\0\0\0\0\0\0\0\0\0\0\0\0\0\0\0\0\0\0\0\0\0\0\0\0\0\0\0\0\0\0\0\0\0\0\0\0\0\0\0\0\0\0\0\0\0\0\0\0\0\0\0\0\0\0\0\0\0\0\0\0\0\0\0\0\0\0\0\0\0\0\0\0\0\0\0\0\0\0\0\0\0\0\0\0\0\0\0\0\0\0\0\0\0\0\0\0\0\0\0\0\0\0\0\0\0\0\0\0\0\0\0\0\0\0\0\0\0\0\0\0\0\0\0\0\0\0\0\0\0\0\0\0\0\0\0\0\0\0\0\0\0\0\0\0\0\0\0\0\0\0\0\0\0\0\0\0\0\0\0\0\0\0\0\0\0\0\0\0\0\0\0\0\0\0\0\0\0\0\0\0\0\0\0\0\0\0\0\0\0\0\0\0\0\0\0\0\0\0\0\0\0\0\0\0\0\0\0\0\0\0\0\0\0\0\0\0\0\0\0\0\0\0\0\0\0\0\0\0\0TN1^n1?G%ngنntw1,Ilmtl\rw6nQc~#2$崲A)b:Ϸ0cR4DVJ\Zh>VƅZ`p-+qj=lx{\"JBRFew*\"X.;+ȱ1\nܚh4d3ICn|qy@׵@jr\nZ[hqOQexf#]}DA@[hgvGzLQEN\r|w}@Nrӻ&HzCctnhek\0\0\0\0PK\0\0\0\0\0!\0P|N\0\0\0L\0\0\0_rels/.rels (\0\0\0\0\0\0\0\0\0\0\0\0\0\0\0\0\0\0\0\0\0\0\0\0\0\0\0\0\0\0\0\0\0\0\0\0\0\0\0\0\0\0\0\0\0\0\0\0\0\0\0\0\0\0\0\0\0\0\0\0\0\0\0\0\0\0\0\0\0\0\0\0\0\0\0\0\0\0\0\0\0\0\0\0\0\0\0\0\0\0\0\0\0\0\0\0\0\0\0\0\0\0\0\0\0\0\0\0\0\0\0\0\0\0\0\0\0\0\0\0\0\0\0\0\0\0\0\0\0\0\0\0\0\0\0\0\0\0\0\0\0\0\0\0\0\0\0\0\0\0\0\0\0\0\0\0\0\0\0\0\0\0\0\0\0\0\0\0\0\0\0\0\0\0\0\0\0\0\0\0\0\0\0\0\0\0\0\0\0\0\0\0\0\0\0\0\0\0\0\0\0\0\0\0\0\0\0\0\0\0\0\0\0\0\0\0\0\0\0\0\0\0\0\0\0\0\0\0\0\0\0\0\0\0\0\0\0\0\0\0\0\0\0\0\0\0\0\0\0\0\0\0\0\0\0\0\0\0\0\0\0\0\0\0\0\0\0\0\0\0\0\0\0\0\0\0\0\0\0\0\0\0\0\0\0\0\0\0\0\0\0\0\0\0\0\0\0\0\0\0\0\0\0\0\0\0\0\0\0\0\0\0\0\0\0\0\0\0\0\0\0\0\0\0\0\0\0\0\0\0\0\0\0\0\0\0\0\0\0\0\0\0\0\0\0\0\0\0\0\0\0\0\0\0\0\0\0\0\0\0\0\0\0\0\0\0\0\0\0\0\0\0\0\0\0\0\0\0\0\0\0\0\0\0\0\0\0\0\0\0\0\0\0\0\0\0\0\0\0\0\0\0\0\0\0\0\0\0\0\0\0\0\0\0\0\0\0\0\0\0\0\0\0\0\0\0\0\0\0\0\0\0\0\0\0\0\0\0\0\0\0\0\0\0\0\0\0\0\0\0\0\0\0\0\0\0\0\0\0\0\0\0\0\0\0\0\0\0\0\0\0\0\0\0\0\0\0\0\0\0\0\0\0\0\0\0\0\0\0\0\0\0\0\0\0\0\0\0\0\0\0\0\0\0\0\0\0\0\0\0\0\0\0J1Ͷ4ۋ?n&$Ӻ}{|͏lw8Ա7.JP-7ϫPI;ؓ3%U7W\ZPrSjTd	Z\'҈@>G|h{lHo^fLwޭA!OuYzb{=d\riw ]6׻IСibN)Jsql_u$tw|phe%H@	\0\0\0PK\0\0\0\0\0!\0\0\0\0G\0\0\Z\0xl/_rels/workbook.xml.rels (\0\0\0\0\0\0\0\0\0\0\0\0\0\0\0\0\0\0\0\0\0\0\0\0\0\0\0\0\0\0\0\0\0\0\0\0\0\0\0\0\0\0\0\0\0\0\0\0\0\0\0\0\0\0\0\0\0\0\0\0\0\0\0\0\0\0\0\0\0\0\0\0\0\0\0\0\0\0\0\0\0\0\0\0\0\0\0\0\0\0\0\0\0\0\0\0\0\0\0\0\0\0\0\0\0\0\0\0\0\0\0\0\0\0\0\0\0\0\0\0\0\0\0\0\0\0\0\0\0\0\0\0\0\0\0\0\0\0\0\0\0\0\0\0\0\0\0\0\0\0\0\0\0\0\0\0\0\0\0\0\0\0\0\0\0\0\0\0\0\0\0\0\0\0\0\0\0\0\0\0\0\0\0\0\0\0\0\0\0\0\0\0\0\0\0\0\0\0\0\0\0\0\0\0\0\0\0\0\0\0\0\0\0\0\0\0\0\0\0\0\0\0\0\0\0\0\0\0\0\0\0\0\0\0\0\0\0\0\0\0\0\0\0\0\0\0\0\0\0\0\0\0\0\0\0\0\0j0{-ȹBm\0B^[&$}EBS{1=,z5#u)(:ε\nv7 u*`S]__לHe+)X4e>KAsAnQy 4Lm}b7wo7:P!9qa\nԱEVpG(wK2}Z	:b1]xJ1`%a>}ܓEu,a)6#Ͼ\r\0\0\0PK\0\0\0\0\0!\0pw\0\0\0\0\0\0\0xl/workbook.xmlRMo0tOv.XaЮ=2$CkC({iM~{|^Ft6)-L)1v+Jѐ8zS|}y6 v9oQDi@c`S{\\cX#ť#9G5dh:\ZGF7OpﾦoKi!ĶͷVXe\"Qz6\nI8w\'o#q\n:<J!%ԥz:gn(=WXOoA+ǈȅ%.\rb!=03Z@-%~}9 \\vj.f6q@B3-(x5V	|HZ+sgdm	v6Ɠ<aycYf,\n%5T6@zF7+/oo4]Pfٿ_\0\0\0\0PK\0\0\0\0\0!\0Mu\0[\0\0;\0\0\r\0\0\0xl/styles.xmlTk0~b,+Kf@a+f0X ۲#FS{N8C<$ww}JrIXUFLNn#*Њg_go$s MfK-LR;\rSpSi#mIRbqE$\nG,^\"ylYeCϹXb{[+mh.n	;K^mu\0GtU=rC6Dr\'EnF7%8šot	mz7[/6ˇagLpYRi5EEOjb)%:R(9`*ň*xn䢏w%\rqeXv 1κY#Kuǌ\roDBtmh\\}$P0KrmJ*^\r|9^ZQ&9e^?쮚l&2/<-bO`YjĿ$R[c>M#VqQ\"x$;fϺ(<=]5pL ~yͦη*4q5r&0ƅW>,x#p2g+y+7cw~.@lj[^\0\0\0\0PK\0\0\0\0\0!\0QP\0\02\0\0\0\0\0xl/worksheets/sheet2.xmlKo0cv}X+֭=+2,ORŰ>Jbݡ(eHIG[,a@\'L-~3YP<jLk\nW?c_\\	:*MhAs:<inS[uU36K5+i\Z)ڈ{ߵw#M4/~\"JD3o}̦\\yRXLĥCk^IUYK N,4kzѴ*8OM<<Q>EC^\nBj9(B=Fzd\\,kbH\Z\ZSs,Y~v:f_@n[W(VlU^ج\'f p-ȡ85DMD;X5*9$QVh,9*#!K$*_eG1\n2@{{nsDAOءh{G/\n1w-9`P1~`pwrMͦ\"\\.,,l&y]ίrq4JKi.R8\nl17546kXgw1ǰdk\0\0\0\0PK\0\0\0\0\0!\0%\0\0S\0\0\0\0\0xl/theme/theme1.xmlYOo6w tom\'uرMniXS@I}úa0l+t&[HJKՇD\"|#uڃC\"$q۫]z>8h{wK\ncxLޜH]ś*$A>J%a<!1MWT݈U֪f%4P# {{2>ACMʈJ&M;4Be	tY>c~4$\n&^\nL1bma]ut(gZ[Wvr2u{`M,EF,2nQ%[NJeD\r>֗f}{7vtd%|JYw2\ZOڡ~J=L8-o\0|(<4	ժX}.\0@\'d}.Fb\0o\\C\\\ZҼMT0zSώt--g.~?~xY\'y92h!ы/ɋ>%mGEFD[t3q%\'#qSgv	\n9feqwW@(^wdbh	a\08g.J\rpC*Xx8rbV`|XƻcǵYU3Jݐ8b3+(QuK>QELKM2#\'vi~vlwu8+zHHJ:)\r~L\\E\\O*t@G1lm~C*uG.R(:-ys^Di7QR8,b?SQ*q7C;+}ݧ;4pDZ	K(NhwŘQ6㶷\r[SYJ(p»g>X_xwu{\\>k]Xy}钣M26PsFnJ\'K,}䇦$Ǵ;@`	>*8i\"LI%\\xӕ=6u=\rr2f	3c	(:jZ3sLs*UܚЅ ]M8kp6x\"]$C<&>\'eb. vJ|yXɾ8Ȯ]7R/=,.&\'Qk5\Zq&p(Kaݐ\rSdL17	jpSaS!\r\r3\05\'+ZzQ\nH\r)7 5)kdB|UtvaDξp|Fl&0_*3n\'LE/pm&]8fIrS4d7y`\nnίIR3U~cnrF:_*P}-pTplrۜ4LZéO\0	\n\n!PLB]$K	*++65vꦚeNƟf(MN1ߜ\Z6&3(adE,Uz<{EUϲV)9Z[4^kd5!J?Q3qBoC~\0Mm<.vpIYӦZY_p=al-Y}Nc͙ŋ4vjavl\'S&A8|*~x1%M0g%<ҭ\0\0\0\0PK\0\0\0\0\0!\0HuO2\0\0\0\0\0\0\0xl/worksheets/sheet1.xml}]sH}Ϫj!)Ь}fST6#=vv< =2PҶ$Dyf=<H/>}~/?]Ż//wow_>}~?^/?~ﯟ!/?]|z{ׇ/||~y{?_~|pa=},˅O_4wo(ǯSjOߓ积HϏoxtۗ痻_?,)YO/ϯ6HRp~#@h񧋿?Ǒ||5;!K`i>|~[|*s2?}Ju˻_^?ㇷO\0ǻ?-}Unl=?<\r\Z;?|=d>?#;ﻧG\\?,rS_)<G>uŻ_ߞY\\iOKʰӰ\0~%.i4Q~\Zv	vDjN|gII?4j4ߙ\nSJ1߉;/S)Dv\r+\ZL)\"-TCE	~]j?<#JN%W* +h+d	8xM=ocXq`K<R`dO+c\'o8x%ErYD<8:D.ֱqmƕFUn=2[ܺh,;+ʑa.JѶMs]c]ʿݷЎt~?Q^:\\./WGWRs\rP{W#sL:E5vdkzªifӺ7ЎsͷD],HǨ.WZ[\09I@q]̑`kmeVUA)2vRﾩЎs˗xj.{	w?WVvd5+1P82[/\\TkGhoC+M%qϑ;P\"LCse%^PKs*^.AҞ)`N^+;2KwHf۸VpLa.[Vծ9fݐBppB4ؒ\'fD\\^^FeFuMF:)(fg7tqUv l?s9°%W5r9r%k_A܍^==rJv\"uTuc\nk]zlt`Hym;GSB;5_5ah\"9#X\'Ecl],]?(?NtRdN5vN5v%k~s\\2A/[G9k-Yj3%n)wwn<nUնpRrω,g9\n:Iu֛#ۈs-Y\Zz9<nTl<J!gO%l\0S7@3i)\\vB4ɴϮ,,T^EΒz9^nW+sSmemd\rWM`44 o? =ڕd9c\rk b\"٘zu)-pcs㕎nJ.]}=Jg7G|i.e_*	Wt_lt\r6uF,yywZѺnmvSSosp\rL6spOVc!V,-Z HIʑR]HƵp.ƏaS=va[v- _=YYBcf!&@/5vbY#\"jj,Źyg)sϾi-ĒEܳU7?6&\ZJ57T=Y?߹w7n0uƼf4\rVE]p hP홁4לafnsΦ-|$X#x XνCXoc4Wpobryg\\Ӕ5:9ԋYgWή\\]כ۸Zvc|C`MBc>zav_J9 43R0gvr,X\';^OlH\ZXkZ7v9#^2{O,xNΪMG[s\'˺:$.ʗbւ*?^?KY𮱌;+y%[Hw~$\nl?Lq h^%|t*\']\\TĦ6ZRfK/6k$:v\\WwrZg]>G)7c;e d@;}PӜ]vw)Wvkթt\reu]/礓#+VI{t7Xk1H=2 o> =9#]\\$[k(W[(אIJ)\'bvk*/Q8r7 ;Tb;Wbdbp:Y!UŢEU[3}ʙ^c[\\\0r~v\Zܓ܏Sno\r&w\rAJϷfUɹ&zflՕIzRCY9d|YjM=Ad!=hvuN\r#7pN9s;Y\\S),bZ\0<>,-uAX |&[\'s-r\"J%LE|\'+n}po)-Phɶf\nh Wg0{DdQ\r]U6~s d:~zshDRY:;u{Fk0\Zy\'wty`2VGDޝ5\'X]W`^B♁xsNn[Vjųu98|@[ c^rHL>:;rLv}Io8Ln=vYsas%ڧl9ӔuZě/\rHj, ^9dLg5RY1loO##>3y}g3eݬġx}8n}\\`篒 S@ݔW	W.{mPk^\\Ӕu[+i͢ղ ^#Q%^zR$ԻYzx:#w+EA晀S\\ċAgoOF!W\\,\0)nBYzMlxp~gN؁R	4`.\r^g5NU\"\nQ+`DWR$U-t^]~\ns~A\'yfJ4kNs>ĲEĳW-AXY)B|F*O~K \r]\Zw& TZ%>M%n\"OQ\Zx\r}jK՟R&KoȢXpr[ѤЀx&  x+qNصxq\nLQVc\Zȉ\'ORwª_:\"pSpa]54 	OvU48=v6qfHe<}]X䬓!l{yD[x`3ߍoAӬ3֕xXWx=\n?.nƵ	k{/]_R~]xkaFY	\'l[sk~ZL[P\n+@TJ0`X ]\"3XSa@\'^ov[	pTr\r;o50s[+v~V5>qE `rRU~\\=ħYO3tm,ŽE]]~!k 9dN`xuG)Lo\ZVOL@@<}=GXxr֊&k^6:5~H̪m`2o?J=YyNXvrб\nVАJ?es-JXgacH@?E\rW\ZS=z<C<V. ^eQF}+^S]07<	\rV2J%$<DGoZbRy$`SH\rLƂw(d\rsNGq%6n\\7bJsh՟L97qqކ\nzBdwu	w}>d.ϕ4bUqtœ5[k odb}g0<Nz,Csus@0Q=	h\'ݬY1s|`-w>Ȉ>6:f#hoZ7t;	3|d\"u8͊e]-\Zs0w,N֯w|G)笗O84j2vq<ꃫF[Ռro]&+ƵL`W:K#\'{	w(S\re\'^o\\i6\"]<BntjfJ!HMYp~KlobZ=\"h@;~3ӮYb\'irW#-]@y`Y;\Zr`U6A`Q\r?r h@;~@{k\'y-F\\[D:tsknb;ׇwɜL׏	[af3Q덮.F-b\r\\zўp͚@^-,r\'\"ኦ)6\r:PӬ]5:Yc;SXulj\rqhX\rrIg}&E	WD5 N\\]6rNucl}o0p͚c@:Y>3&cs>\"Pװ{aN=\n	TȪQ$c	-+QOz&{+@~`x#\"covW[\Zo2r.hmFӮXz2+UWURr-1/%2\Zo7W#.`\\As%~tx.r^}\'璇~~vXO+<\"I@rSYMH1g#p8/έa\rhw5=3s걩iWx,dtu\ZWd6WGݔJu$p-3s\ra d@s9Td.2Ʋ`Wjf-a-7Y M{4\r5Z[S>Pgu~cưc	ĠkƭOۮ@9k6k;~5ˏDdQ\r%o~&KηgN٣[qj%cc|Vo{rɑ`6jV_9J熓b[easJ{ 6΋QHg.{\nf`[\r䤓iu^=jXH[!=ur^%]|ZD:tx \'}Ϳ+c:a-ܑq\rFlAN%陉*=4b}).P<v^#U鈂Fy\';O\n,گ^so㷆+t\n\r\rj>30d=Ye?oĪEĳ7r4Юԉb	eZa#\"p\n dsηNx.i*pr\0-[dBEѓ?[ #]2,N{/RpH8\\ouqj\r9p:6T2uģ5}~tr;\'HG),VHyw	R2?3P*\0D^0.u~\r~ 1f\nf\ZķYzm_15\Z\'!Ω\\8̹ʳo8)bY^4pbaH9n	_-\rKȀss*2p_Qۉ3Xg<+\\h4w4,YzEs{?u d:~zXꞎزukH1_4u\r䬧5qPFQGE(_Xw7\\ܿȀuusOj\",Z\ZzfV-sNχ;}u=\"PO\'[C2><9zkϜvb\"٠)_Lb8%&o|rH@\rsNYfT>?u!<dr.,Y3ߪvj3iv$~cu)` }\"\\Sv\rn\r:3z;pxOy2)1_ąE;wSWw;͉_@,\'K0xJ	xsp3i>5:Y\"~bPCȈǨ2ł\ZoKvs?SfϜ~8%۵->Z:9N:x-d9G;g_g\01yOfSvx9J9g\'\n|QMB3iξ[M{aAO3^?[ɚ*}\r\Z+Tr+M >u;O+%!ٞExD.F,bĹ8A<W*\'gϘM@px[/x\'G]lB#LZxӢYc/v,mZ~+R|\rG*{^1Mվ:\r\0ľl6^Ags\r?Wn䕃s]Sqf-^5po@rzęeY?@7\ri3pyg)s&dYcmom6{϶- ߜYVE(5{2~cKq-7\\sqM6!lN=SPOxOj<2^LZ<Ļ.Cڮ\Z@<YAq{D$a角48<{n}	ݽ_eg^o`ŦEĳ}7}QрzND1\r;&|?zץap\0;8tF>T{ʝ}y*YgЯ>l}D\\j8yVo$Rg8(qȑ[{4f\rF_eߗeCV>Wbn\\_tU.{lK]tˏ {C9ZipvxGe4o`~w3DǁscsSXi_\nXorBwYN:LPPE[s4baח|꫓+}\0t˕*]%,5P~By3p@؀ugrsYɲ.gS1sQgn>.fHǕ\"${gKcDo8Ymm d:|P\"g}{Xq]z`c!z^2K8wӎR+#[o06D<n^g-P& +..*ofum[L\\)fwz4Z\\ǩπ$:Ox͓ܭ .]@78vs\\d&!=u֍v:G)^jo0,{@؀x4זּ덖~. lty}7s9A- &6ٳpDZa3캹_$|~NC,kqWs;\Z1ollчl,Gnr{d]}nJ~Dd?X\r\'>.@Р>:fwj<V\r\Z>+wiMj`Kߟt*RwFERȥqx?a\rLĳ{\rOΈ;Qi=\rg\\5pzYA)ɟg~of,*A7H񯟀5ieGatr-پǥm4(Z@O]1\Z8/ZWZI6l\nc~nR1AE9aEBS#M\'R[KTXƊ!J4壁BEԈ\nFK	jhES:5R@\rE|E֯]AH!\\\nY0\"dز݋0KW!J{HcBbjL:8E\nxg5&()<D\nP\nVF-\"&,\'pa:VL#;!^6zOX-BeFG0iy?d_?]Z3`0=\r3Jz=RC;f\"(xmBP@U׫i<D\Zٻad\\3vDl#2ģjCA\nRf.:qo̍(C]^XzPXPfը`\Zb\r|rÇw8VB]\n,TBI4DRAͽZ`{ؔn[#Gg(LaWoSw$ {|Bf6{tHt`6v~䱑޺8=Mi1\\fX`c,h \Zhu-%f#҂Ry-5=זBF`\n6_1MK8֡)ђik~7%@O=\rFwH3#M-D`-ĕ4DKzs,5\'=kCE4Z\0/h($eFzaibE+\0I\rS(9V|j?W00:Y@4\\*, 1\Z2\nA7_ UyA`R7[fOi%C_\ncSg38hs4vDC\r<F\Z=SH\r\Zh( un]Bl \"ap#	-!G\"0GH{L]C1A\r\"TE\"h0AC-}̑V7!Ȳ+4HDC|uhQK5`i`44J@Ԏ{C/Ōw1[1%|`N$`\"\"	(L-vb.]+QY\r8h4@C!-4h}F;Vƿ#HJ!A_̉5!Df^	tlqU--}B(0xs[(AP0C+(f)to,2%F!~1HV.0:%$I&	|5\"K_Thi@/AE3>%Rt3P\n3#,{=bC!E]qB}$4zBEm!4\n\r۩%Љ708K(aH?G\"wj f=|בk}~YGK)\0g[f2PR?ɜ	uA\Z\rP dt3(nJ}JG	-%mHFBR?ŧ)BE6QEHj3F1a\\9t3!#%R?3J#ĉCPha[BHއKӇ?^Cb({`(%L,\Zί/Yj6>)7~}R0)ZՕ#!4I4a^AS{&Z3Rc(	;HExr?OMRZ7S$3Dض;vg+~<\")?f~?^^Seu̺+64\nB_`*%YF5ƱĨBۜJop	\"EGȏr)-C\n+x:QC|d*`F:&\ZdH$CXK3dPdF!C\nCbC=|o\"160vR@-N0#Nq l5#AL9ip$ࠛJkv|$Q/MA}9,k#\n |>7\r8lsR`Inr769I]FҿZ	!]u\"P(v*	Bb2>R`6 tR,e{othn^}QzB8picÅРQǙAEbgA!D2ő\'#Gb0N!C\rs5\n5QFF!=LT7$R+=dQ &\0YRhrc\"N JDaf1R(ZfL[HfbvYu#ߜua7uH	ٕ{ݔCc9oű@H<Cra8.i~vfyY&SˢEB.Y7 B0%Gi7A{Y,3ی:mhZ̞ޥxiK!0%58JdQ PBEVAK[Taj\"U(.8TM*1*HCNތaуWN@b\"hvxh4?C\rP F\n0\rLSA<<W6CنFєӗJH @jK#0c.@\n\"0_kqP#M\'RIԠPC\"d)\"&<TDK)b6[9k\Z1{,>IB.?Q$x1!Bm$@)p!e~Fl@#	b\Z40gk\Zo;\n\" ȗoE0OTD`&\"}A-72ֵl>#^Ved*\rF\"h$R3[v tR\'h\nv2?cLDA}OVj,C	rFĲ]4I`^ԕ}Qj犐@ѻ-\"k{F\Z0BYN	k\ZÌ40kH u4P &P@kH&\"Rb+ܛU	5=ΎLS]9Er	$W-dݔ$U7Z%@bb?!k@I<\ZPꜦϜ(VhWl𕙪ER3[OBM\rDHXKyj7扪PBRĿ! Z<XȃC-0ԃMc1*`1,#53$18U8BMڶ\nhj\n\"4HQ`\"FA)d\ZhSbC	5K䵙g8HFK0_\"Gd`=K6#h#?q,:G:09Ǜ5떡gJ1BM!l`@Ԅ|PBx\rr\0L1HF$Iai٪RqPk8@XoPO\n]Dv[CהBPBնŹ~!HёLFl`KsNbC;F:;Bs#Aa0W4ԍ6	\"HX\ZȠ@%Pc}ϵ\'Ȑ#HJɀ}u8%2}dP<`A\ZCH,KBKPbk\nLH\n*),y?ǜC-FFZQĻrkPzB\0-&q.(00oZ㞠E\nBhjQD@\n#R!fm}g	\'#-1tO\ZP,RZ{!y?C\nvP)<ꠘH\nJ!²_5{=c{+45H<is?Y]}36!y.㵟kvظ(~biG1[ͷ.4\ZqQ{)#d00DA>r1\rAxY!oCE@ MA{P\n>$H 1dQﳙa?:(DRId64hc\n${fԴWRDтhӈuagb>{l\Z^HX,ŷ#aR[&k62i#43Khjͧ)Dʤp%T#n2ԅmf]4X2@DQdFn+5	U]RxB)d-F?3m[tQ[J^4X2.<tQdFnkŏEmbп݁,EG07,EcWFf(tqE0=ơ*\ZUQ/b͍EÈBrHnpn*URt\nS1P\n\\:b!SElg\n48%h;TF~6U\\\rUiŊ\0bg.K\ndanvZ@Ja~4E_%\Zִ3y\"\"1z0\rFnJ4Pv`9/}}V7@@3[(H%xS\r%a\ZI&$\Z%P$IjzK癢ei#Nn@6qDz0)-\n=Ү91XF?^q[=}=f?\0Zn6\0JH?Apޫ$tW)0)wW\Z51OjH\nG)viƜ<·aRhpAY0>\r!*/c4)p ^^Oo7wow?{QKYw/}uݯooOӿ>=}xx(}|~~q_=<>|y{{|痷ǷϷ_-J㸕/mi0e+x/?<ŧ?\\^zx{<=޿<>|??]>xptwK?m?N_?<./>E)E^\0\0\0\0\0PK\0\0\0\0\0!\0v$o\0\0&\0\0\0\0\0xl/sharedStrings.xmlZ[S~ߪx&U`lfղ$bYC[[XwdIekČ?sΥ[%Uŗ%SN͗xysruDu#\"rOF?ڢrm_iI乬rզ_V\\$i?8=2-l\"w/Ft->>p1s6iim-4ϊ`p(/B{1w-{$O/Pn`Iw;];Q󫚥ڼݧ\n>~O-T\'շhtSfuB$R\'9\")uB,ڍ0ksȯsYIFAblVm(,V,N)]-\rDdr\n\\\"ZZ\nWi#6N¹{X:(7\n&^/$[w=9yM՟EδSu,[v\"yVuSI*\\+n;GlZƤ<DI2ӚS{&YR܄_PwjLˏ8A|- pأx.6uwqېȽR\"/h\"ϝSM\n`<~}\'$q\'=;pd.8XLNb\'\0H<h?ȋP /p<t4B,Q^)0Y]{t#|o5shai<Ja1󂈷3wRյLP%=\ZXGPFao\\Eq@JNM~ۤa>yNj-kܛxI?uq8I,fE%ע4N@CM[7\\ܺq¥b#\\	*x(NʚQ8D,@`p>\Z#s	(3O}	VFZwUHw	9z.r\nΎI+drݾB \ZFб\"fԹ\0؆D=}\\91ןf5\'T/$\'!\r.vBbb:%ʽZSSV)(<YϠ̥E:n@b\'!Vxu.1ejȼu*wRHӛ0\Z#z)&JB@c?OniGǧ:/r*Z>.C}ླྀǘtwC\'qfp`oV4`w7EaPH,wLqܥw{m4cAN>mSK}?Ei9u}\rļnz4olf#|^Ivbtݴ\ryJplr0ny<\\/)?>T\n}Lo,b6w]oeM#Q5{N$P_Y\\6K?xB7mDfZ>pWX+nݠ԰/-rxI)eUzoC7ChF$?ֲJ0\"~{\\McM!AruOO\"wvo-DІ>\0Tow\rػcarx_6ͬDDY#Hi\nw܂	l3q-DDar*/pQuEJ-֧r]Y+5貑4ߣ0\"II	u_{-+ß?oFp殥{ݴ8e;Ε~|\'\n9XVYR$B\"\'\nY)DRb$+Zx(rL[*luS_#o%d\'}ry#aA$QEAVQ\ZSO7m~qfpGski}Y;|~9 ef?3qM˝N+M(5f\\X ׺nH\Z3kGW}׺1fů,=˦JR-y=smYɕufJ#{\'ۓp#7݇%Ӓk8q%#fW0b%#X2Y=E&[ʶj뇞戳O5CCVbm@4>h5v\\[S;d=t81r1}XIh:y34w?hHȏ5Hrc-RH]m\"Kmd *#l*+l*3P|,Es ŁX>;!ԶGj`Z5ː^,3d!{H*78xc`;R3	<sk.mn\';X9GCK]~N^)az*Jn6hp\"\Z9^5dZ< \0]@,b[Md-T.`J%&=\'~הD*qdVWyg? pi<G¸/M͊O*Z|ۄ	ܓiyOyGẻ?Y;.\Zͽ3\Z7Vsw\n9|Ϗ\'pG4^9Qt9xn:hv1SkP{܃Qȗ5VTfdV--n`*_ݖ4s!#Jg: vijM1oc:0:#f.^~f1טM`D5὆=2d&Te40dY-S#-ٮsŃ1{1x̦phGl)2R-^pa2\"}B1,a97ڪ#n^sy\rgľ<^cv#f0bᕵ\\YilF0b=:4U\Zm%7&ĻJdwq_]swc `\'/}u?e1{ˬXʋ?[9ƻCç)~B?t$=kz_]}__~f\0\0\0PK\0\0\0\0\0!\0l@Q\0\0e\0\0\0docProps/core.xml (\0\0\0\0\0\0\0\0\0\0\0\0\0\0\0\0\0\0\0\0\0\0\0\0\0\0\0\0\0\0\0\0\0\0\0\0\0\0\0\0\0\0\0\0\0\0\0\0\0\0\0\0\0\0\0\0\0\0\0\0\0\0\0\0\0\0\0\0\0\0\0\0\0\0\0\0\0\0\0\0\0\0\0\0\0\0\0\0\0\0\0\0\0\0\0\0\0\0\0\0\0\0\0\0\0\0\0\0\0\0\0\0\0\0\0\0\0\0\0\0\0\0\0\0\0\0\0\0\0\0\0\0\0\0\0\0\0\0\0\0\0\0\0\0\0\0\0\0\0\0\0\0\0\0\0\0\0\0\0\0\0\0\0\0\0\0\0\0\0\0\0\0\0\0\0\0\0\0\0\0\0\0\0\0\0\0\0\0\0\0\0\0\0\0\0\0\0\0\0\0\0\0\0\0\0\0\0\0\0\0\0\0\0\0\0\0\0\0\0\0\0\0\0\0\0\0\0\0\0\0\0\0\0\0\0\0\0\0\0\0\0\0\0\0\0\0\0\0\0\0\0\0\0\0\0\0\0QK0C{fݪ)[m&-Itۿ7mڡc9K^U+k#(\0k!&G/2FuLV\Zrt\0EkOn8	6$m)oru[lڋ(lp\0q8&c@DG4UC\nDxe\\蔑SIwh|c1[^{+nvI\'ṫ\ZJފ*2)7\\mT:ãI{Y fպ*3kogvz0}ޕKTLb,LHIb:R2{o!:$St\'@>7\0\0\0\0PK\0\0\0\0\0!\0lQS}\0\0\"\0\0\0docProps/app.xml (\0\0\0\0\0\0\0\0\0\0\0\0\0\0\0\0\0\0\0\0\0\0\0\0\0\0\0\0\0\0\0\0\0\0\0\0\0\0\0\0\0\0\0\0\0\0\0\0\0\0\0\0\0\0\0\0\0\0\0\0\0\0\0\0\0\0\0\0\0\0\0\0\0\0\0\0\0\0\0\0\0\0\0\0\0\0\0\0\0\0\0\0\0\0\0\0\0\0\0\0\0\0\0\0\0\0\0\0\0\0\0\0\0\0\0\0\0\0\0\0\0\0\0\0\0\0\0\0\0\0\0\0\0\0\0\0\0\0\0\0\0\0\0\0\0\0\0\0\0\0\0\0\0\0\0\0\0\0\0\0\0\0\0\0\0\0\0\0\0\0\0\0\0\0\0\0\0\0\0\0\0\0\0\0\0\0\0\0\0\0\0\0\0\0\0\0\0\0\0\0\0\0\0\0\0\0\0\0\0\0\0\0\0\0\0\0\0\0\0\0\0\0\0\0\0\0\0\0\0\0\0\0\0\0\0\0\0\0\0\0\0\0\0\0\0\0\0\0\0\0\0\0\0\0\0\0\0MO0H\"ߩC!T9F+E-L\Z׎<Ө3I(Mxg-$t1lB<-^Ʉ;@qy\r$r[,DM̤D[ہ;ULkCU,DYC 9	[PBy|qwMh;>|^\ZWxg\r+)b(7XgcbMrӹT-p#te<ӭon\\BZ`)+/p*+Dk3\rI)1`\r@$b؝i/X 8F\\:$gxE7| }@}\"Mse1բ6	J}PP;ڄ{Fw\rI3Ք<~\0\0\0PK-\0\0\0\0\0\0!\0I`\0\0\0\0\0\0\0\0\0\0\0\0\0\0\0\0\0\0\0\0\0[Content_Types].xmlPK-\0\0\0\0\0\0!\0P|N\0\0\0L\0\0\0\0\0\0\0\0\0\0\0\0\0\0\0\0\0_rels/.relsPK-\0\0\0\0\0\0!\0\0\0\0G\0\0\Z\0\0\0\0\0\0\0\0\0\0\0\0\0\0\0xl/_rels/workbook.xml.relsPK-\0\0\0\0\0\0!\0pw\0\0\0\0\0\0\0\0\0\0\0\0\0\0\0\0\0\0\0xl/workbook.xmlPK-\0\0\0\0\0\0!\0Mu\0[\0\0;\0\0\r\0\0\0\0\0\0\0\0\0\0\0\0\0\n\0\0xl/styles.xmlPK-\0\0\0\0\0\0!\0QP\0\02\0\0\0\0\0\0\0\0\0\0\0\0\0\0\0\r\0\0xl/worksheets/sheet2.xmlPK-\0\0\0\0\0\0!\0%\0\0S\0\0\0\0\0\0\0\0\0\0\0\0\0\0\0\0\0xl/theme/theme1.xmlPK-\0\0\0\0\0\0!\0HuO2\0\0\0\0\0\0\0\0\0\0\0\0\0\0\0\0\0\0\0xl/worksheets/sheet1.xmlPK-\0\0\0\0\0\0!\0v$o\0\0&\0\0\0\0\0\0\0\0\0\0\0\0\0\0\0I\0\0xl/sharedStrings.xmlPK-\0\0\0\0\0\0!\0l@Q\0\0e\0\0\0\0\0\0\0\0\0\0\0\0\0\0\0(U\0\0docProps/core.xmlPK-\0\0\0\0\0\0!\0lQS}\0\0\"\0\0\0\0\0\0\0\0\0\0\0\0\0\0\0W\0\0docProps/app.xmlPK\0\0\0\0\0\0\0\0sZ\0\0\0\0',23887,'2016-08-11 16:51:35'),(24257894,20160809,'contacts.xlsx','application/vnd.openxmlformats-officedocument.spreadsheetml.sheet','PK\0\0\0\0\0!\0;H@l\0\0\0\0\0[Content_Types].xml (\0\0\0\0\0\0\0\0\0\0\0\0\0\0\0\0\0\0\0\0\0\0\0\0\0\0\0\0\0\0\0\0\0\0\0\0\0\0\0\0\0\0\0\0\0\0\0\0\0\0\0\0\0\0\0\0\0\0\0\0\0\0\0\0\0\0\0\0\0\0\0\0\0\0\0\0\0\0\0\0\0\0\0\0\0\0\0\0\0\0\0\0\0\0\0\0\0\0\0\0\0\0\0\0\0\0\0\0\0\0\0\0\0\0\0\0\0\0\0\0\0\0\0\0\0\0\0\0\0\0\0\0\0\0\0\0\0\0\0\0\0\0\0\0\0\0\0\0\0\0\0\0\0\0\0\0\0\0\0\0\0\0\0\0\0\0\0\0\0\0\0\0\0\0\0\0\0\0\0\0\0\0\0\0\0\0\0\0\0\0\0\0\0\0\0\0\0\0\0\0\0\0\0\0\0\0\0\0\0\0\0\0\0\0\0\0\0\0\0\0\0\0\0\0\0\0\0\0\0\0\0\0\0\0\0\0\0\0\0\0\0\0\0\0\0\0\0\0\0\0\0\0\0\0\0\0\0\0\0\0\0\0\0\0\0\0\0\0\0\0\0\0\0\0\0\0\0\0\0\0\0\0\0\0\0\0\0\0\0\0\0\0\0\0\0\0\0\0\0\0\0\0\0\0\0\0\0\0\0\0\0\0\0\0\0\0\0\0\0\0\0\0\0\0\0\0\0\0\0\0\0\0\0\0\0\0\0\0\0\0\0\0\0\0\0\0\0\0\0\0\0\0\0\0\0\0\0\0\0\0\0\0\0\0\0\0\0\0\0\0\0\0\0\0\0\0\0\0\0\0\0\0\0\0\0\0\0\0\0\0\0\0\0\0\0\0\0\0\0\0\0\0\0\0\0\0\0\0\0\0\0\0\0\0\0\0\0\0\0\0\0\0\0\0\0\0\0\0\0\0\0\0\0\0\0\0\0\0\0\0\0\0\0\0\0\0\0\0\0\0\0\0\0\0\0\0\0\0\0\0\0\0\0\0\0\0\0\0\0\0\0\0\0\0\0\0\0\0\0\0\0\0\0\0\0\0\0\0\0\0\0\0\0\0\0\0\0\0\0\0\0\0\0\0\0\0\0\0\0\0\0\0\0N0EHC-Jܲ@5*Q>ē/y=\"TTĊskƓl\r%#T))eFaBɶl6,0l%kcwcՂX8\"FD\r\rZht+g#ؘNM\'Pㆶw$βݹΪd{*	wQޛ@@$xÇA Π$ds07|wnYCZU ]2tk\0Bb.Zy?FAH=<}dbj3W=܊\05⠾瑦.鷰.;$!*fq=ۡ{$oޠ\0\0\0\0PK\0\0\0\0\0!\0}T\r\0\0\0\0\0_rels/.rels (\0\0\0\0\0\0\0\0\0\0\0\0\0\0\0\0\0\0\0\0\0\0\0\0\0\0\0\0\0\0\0\0\0\0\0\0\0\0\0\0\0\0\0\0\0\0\0\0\0\0\0\0\0\0\0\0\0\0\0\0\0\0\0\0\0\0\0\0\0\0\0\0\0\0\0\0\0\0\0\0\0\0\0\0\0\0\0\0\0\0\0\0\0\0\0\0\0\0\0\0\0\0\0\0\0\0\0\0\0\0\0\0\0\0\0\0\0\0\0\0\0\0\0\0\0\0\0\0\0\0\0\0\0\0\0\0\0\0\0\0\0\0\0\0\0\0\0\0\0\0\0\0\0\0\0\0\0\0\0\0\0\0\0\0\0\0\0\0\0\0\0\0\0\0\0\0\0\0\0\0\0\0\0\0\0\0\0\0\0\0\0\0\0\0\0\0\0\0\0\0\0\0\0\0\0\0\0\0\0\0\0\0\0\0\0\0\0\0\0\0\0\0\0\0\0\0\0\0\0\0\0\0\0\0\0\0\0\0\0\0\0\0\0\0\0\0\0\0\0\0\0\0\0\0\0\0\0\0\0\0\0\0\0\0\0\0\0\0\0\0\0\0\0\0\0\0\0\0\0\0\0\0\0\0\0\0\0\0\0\0\0\0\0\0\0\0\0\0\0\0\0\0\0\0\0\0\0\0\0\0\0\0\0\0\0\0\0\0\0\0\0\0\0\0\0\0\0\0\0\0\0\0\0\0\0\0\0\0\0\0\0\0\0\0\0\0\0\0\0\0\0\0\0\0\0\0\0\0\0\0\0\0\0\0\0\0\0\0\0\0\0\0\0\0\0\0\0\0\0\0\0\0\0\0\0\0\0\0\0\0\0\0\0\0\0\0\0\0\0\0\0\0\0\0\0\0\0\0\0\0\0\0\0\0\0\0\0\0\0\0\0\0\0\0\0\0\0\0\0\0\0\0\0\0\0\0\0\0\0\0\0\0\0\0\0\0\0\0\0\0\0\0\0\0\0\0\0\0\0\0\0\0\0\0\0\0\0\0\0\0\0\0\0\0\0\0\0\0\0\0\0\0\0\0\0\0\0\0\0\0\0\0\0\0\0\0\0\0\0\0\0\0\0\0\0\0\0\0\0\0\0\0\0MN0H} PnRwLibv!=ECU=͛f0={E	tJFkZ$H6zLQl,(M?peKc<\\ٻ`0chGaC|Uw<ԀjɶJ@ت`\r%TKhC&Ig/P|^{-Ƀ!x4$<z?GO)8.t;9,WjfgQ#)Sx|\'KY}\0\0\0PK\0\0\0\0\0!\0n\0\0\0\0\0\Z\0xl/_rels/workbook.xml.rels (\0\0\0\0\0\0\0\0\0\0\0\0\0\0\0\0\0\0\0\0\0\0\0\0\0\0\0\0\0\0\0\0\0\0\0\0\0\0\0\0\0\0\0\0\0\0\0\0\0\0\0\0\0\0\0\0\0\0\0\0\0\0\0\0\0\0\0\0\0\0\0\0\0\0\0\0\0\0\0\0\0\0\0\0\0\0\0\0\0\0\0\0\0\0\0\0\0\0\0\0\0\0\0\0\0\0\0\0\0\0\0\0\0\0\0\0\0\0\0\0\0\0\0\0\0\0\0\0\0\0\0\0\0\0\0\0\0\0\0\0\0\0\0\0\0\0\0\0\0\0\0\0\0\0\0\0\0\0\0\0\0\0\0\0\0\0\0\0\0\0\0\0\0\0\0\0\0\0\0\0\0\0\0\0\0\0\0\0\0\0\0\0\0\0\0\0\0\0\0\0\0\0\0\0\0\0\0\0\0\0\0\0\0\0\0\0\0\0\0\0\0\0\0\0\0\0\0\0\0\0\0\0\0\0\0\0\0\0\0\0\0\0\0\0\0\0\0\0\0\0\0\0\0\0\0\0\0j0}qҍ1F^Ơ-{\0c+qhbKɠMt\\\'g&WP%&w\n>׻\'[=\n&$շ774OH\"xR㳔dNҨ9ɨAw(7e(3O\nރhm|	sD\"$4DSOUNh9.)k0՚0!!iɹS]٬	`2K9Gyvq/\0\0\0\0PK\0\0\0\0\0!\0a\0\0\0\0\0\0\0xl/workbook.xmlRn0}^$+ E]^gǘZ_m\nQ`Jڪ/ˌ=3sLq?*q%NW	F\\3S})/#穮4;|_}S^\"\0Юĭ6kne:!Į֮+$Ċ\ng4a K}׊h3#D#U(1c-<Kwz!!J+\\k6>+1E{oF5=8S\0r\'uo\'k3O	\r!$jB&y}{ť0dVG0\r@z\no{Ӏ1*НL%p0bFZP}_?8_`QoEd}uˏIn$d\'g{BXFfƙƯQ<nX5T\Z;$$^@x\'\0\0\0\0PK\0\0\0\0\0!\0o\0\0	\0\0\0\0\0xl/sharedStrings.xmltVn7}/ 9xYIڨ8NFI.QIU֋g8sf|kɓƐbiE|ܧCULE)Uucvql㸪7Ÿo|ש4i\\bc}T-:bEiyUYU)\']`t^akjjr,l$ڹRg]ߓSJl赹(xm)o}AbJ16|ukŤtZО)J-RrUTqfжT}B̨5sUf\0BZ*as/M)In0.}d/a,}M\r5TsQk\Z/)=\"sgB\ZY](eTSe4LF\'ʌ5V}>	i\"|G}Cpk!a\Z$kE9ݹ7c@_U@OZ_?3`KQ(s&{oitTfp)RXj9pΓ`I\\U\'rR\\KKotL-#dL\\7{td{u\Z#9) Dg.kBVÃGd~Y~(a*\\݆};&]yu`FX}	1s{O1t\'7pzP:gP Y_=Ao-Fp6u\Z2[y(]ϩլ65C-̓&ȁ	6vAxL\';\rH[Gv*Z~h؁FqZ?)}[hBp+QOM46yLޅ_[EҔA ]s}߶XL+¥CO@:?}2fs36\\?\0\0\0\0PK\0\0\0\0\0!\00k\0\0\0\0\0\0\0xl/theme/theme1.xmlYOoE#F{oc\'v\ZGuر[hF[x=N3\'\rG$$DA\\q@@VR>MԯN<n@@sh3㘡C\"$I3^$!d6$N4)w߹7UDb@>DJ++2a,/$nE<P#Je}%4	PcP{g4!A}2ʕw<&JꁐVM	T5BNe	tY3yOU\n^4VL%2SŤnqeo\0L:NS-\0CRYnT[ݮ+5_ҿ6gsj-Vٟ9Fe\rsZk^wdszPhr0v3d\r/|>CA6٥D-ʵ?\0\rdXiJF8,nx (MKoP(\\HbWϿ})zg\'8yV#x\'˯?oOz3?^?O?~B,z_=yǿ~xPiL$M>7Ck9I#L	nꎊ)f>\\<|HL|3.ŅzI2O.&e>Ƈ8qBۙ5toG1sD1IB? }J^wi(#SKID	ݠ1eBp{8yC]$f94^c>Y[XE>#{Sq c8>;-&~\r..R(zys^Fvԇ$*cߓqrB3\'}\'g7t4Kf\"<N)abtS4y]fmn۰Ʃf/l;x%m~ۡ|^Tߗgސؽy7#XOM%[4 3NR~J	X`#WP\"¾\Zh%cKr	E3խWY9$V|hp~(LO,;ڕL)&UQKV5V)6rp\r6ag`?,ñ_O\rPncD	Qu$CbCج)4v,X6¤Y\\d<]M,)KQ3hW\nqFp҅q\nAz/B%l֞YHg7YUˋq*214PDd_t]fk\"j7d4\"*4Y\'ED/\Z}N?C*~5Ͷy֬ӔΎcF8v&87<߼r3Wr\07kC.wFR*Ѕ҈]-pC|b6r5guڧc$(,\'*A[2wjX,Sd2dLrHX_u݃An;sVAޣdik޸bN%t&lF<_#ˎ]R-\ngk4ЄeZk;֜ǫ80XgRBX^>߇ފAV_]\r2H7Hk\0;hIf;ZX_Fڲe}NM;SIvưõ[H5Dt(?]oQ|\0fNL{d׀O&kNa4%d8?L_H-Ak1h\nfx-jWBxlB-6j>},khxd׺rXg([x?eޓϲكkS1\'|^=aѱnRv\0\0\0\0PK\0\0\0\0\0!\09wo\0\0\0\0\r\0\0\0xl/styles.xmlXKo0tog+]l@3`Wٖz$NkgcDO\'J&]GTd	FTf*g#c	WƸ_\'?D6ޯ( j&[QA̩\'҂X20$7H`:0[\"~LX2l0JpF-ieTaO.PE2zUp\0RJZ2UKO\0V?H$J\"=)(S\\idp,tIm5R͜ {;OFO0iΏ֛$AZ@\0\rD8=uԂ `-r/\n-A^ڥ&M8=3I*ÑVD׬\\*M?I3R*I8f\0d{wl~$k&1@!D8fFTonkRү楎n?sVJA]ڃ{N+K3\rcg<Ϙ?}1SmqWWjXE*#Һx]*C[*-_{ͽby)\n!Źz9L>@ᝄ*L:s8v;l p$y:|=fWS:>g/A|ؓ\'yػum^O[|5u_R|˺\0#]Ƹ9ѺczwVk{KR\0\0\0PK\0\0\0\0\0!\0R6]\0\0j\0\0\0\0\0xl/worksheets/sheet1.xmlXYF~`}\rXq(+*llL3Xk6OU۸}SUPoU鼰)eu%rn:.ǬrY~Xߛ3cKrB\\gVë́_4\'^W\\k奪BO*+.nNE<E 5+37Ъgબ|yuCQ]N/>>]xJ--?XU׼\'18uԎy=@Z/DiwjvZp^}-k<;\";|a%;O#;+K7dw`WHⅵX[g0V9d\r[qgpNs)௿,@:<a=kr	#9/^j!ٛ|\0I~шw<Dv`x(uF@Ewx?	O\'Anܜde\rLpl6#X$@G-Je,Qҗ^ ywb\'z].un<w	cio0/Jww.u\Z($ݢT3鯷p7:\r\ZJYUu^b[[Dv?RA~{{UI:0NcqC3pk烖Q[Z:Y6kʑ\n)cA1EkO6!9icJshҌgzBRZZ\"Cc:)aS-ņub8!ć?8\r|W\'BHgB``ggz1v|#uBDĎ!]~ocG0q#&2ZjgӣS?0I,viߞkj>Hjw+(6BZ~*j*(6\nمj#W^ƬݭX;\n鲧u7ŮgOnb_n;VW[;ﲧjʭn}CTuF{D虝R{}=5jfZnTo\ZM;VWs#ƔrY3;U{48U6(&6!Fty$1Xz2Z4<OX\'!|E_\'_%IBܵ3OC\'Fb2#cV\n=1_ubįnE\'6%fi}R˪%NuduȞ$)᫳\"%Nu|l{WhdOPtĩ){jpT8լ4 R+gf#Vf {RL^\Z\ZZnMOfOsV?)a{I\n^l.`\"ϰc\'pĹ}%b~aݏ\\ͭ+Eu AQʍy<OpS\nm7y?4\n6ֿK]6*3}]{˙OzY-?}u>#,/߾hf*-?\0\0\0\0PK\n\0\0\0\0\0\0\0!\0h̫y\0\0y\0\0\0\0\0docProps/thumbnail.jpeg\0JFIF\0\0H\0H\0\0\0tExif\0\0MM\0*\0\0\0\0\Z\0\0\0\0\0\0\0>\0\0\0\0\0\0\0F(\0\0\0\0\0\0\0i\0\0\0\0\0\0\0N\0\0\0\0\0\0\0H\0\0\0\0\0\0H\0\0\0\0\0\0\0\0\0\0\0\0\0\0\0\0\0\0\0\0\0\0\08Photoshop 3.0\08BIM\0\0\0\0\0\08BIM%\0\0\0\0\0ُ\0	B~ICC_PROFILE\0\0\0appl \0\0mntrRGB XYZ \0\0\0\0\Z\0acspAPPL\0\0\0\0appl\0\0\0\0\0\0\0\0\0\0\0\0\0\0\0\0\0\0\0\0\0\0\0-appl\0\0\0\0\0\0\0\0\0\0\0\0\0\0\0\0\0\0\0\0\0\0\0\0\0\0\0\0\0\0\0\0\0\0\0\0\0\0\0\0\0\0\0\0\0\0\0desc\0\0\0\0\0odscm\0\0x\0\0lcprt\0\0\0\0\08wtpt\0\0\0\0\0rXYZ\0\00\0\0\0gXYZ\0\0D\0\0\0bXYZ\0\0X\0\0\0rTRC\0\0l\0\0\0chad\0\0|\0\0\0,bTRC\0\0l\0\0\0gTRC\0\0l\0\0\0desc\0\0\0\0\0\0\0Generic RGB Profile\0\0\0\0\0\0\0\0\0\0\0Generic RGB Profile\0\0\0\0\0\0\0\0\0\0\0\0\0\0\0\0\0\0\0\0\0\0\0\0\0\0\0\0\0\0\0\0\0\0\0\0\0\0\0\0\0\0\0\0\0\0\0\0\0\0mluc\0\0\0\0\0\0\0\0\0\0skSK\0\0\0(\0\0xhrHR\0\0\0(\0\0caES\0\0\0$\0\0ptBR\0\0\0&\0\0ukUA\0\0\0*\0\0frFU\0\0\0(\0\0<zhTW\0\0\0\0\0ditIT\0\0\0(\0\0znbNO\0\0\0&\0\0koKR\0\0\0\0\0csCZ\0\0\0\"\0\0heIL\0\0\0\0\0\0deDE\0\0\0,\0\0huHU\0\0\0(\0\0JsvSE\0\0\0&\0\0zhCN\0\0\0\0\0rjaJP\0\0\0\Z\0\0roRO\0\0\0$\0\0elGR\0\0\0\"\0\0ptPO\0\0\0&\0\0nlNL\0\0\0(\0\0esES\0\0\0&\0\0thTH\0\0\0$\0\06trTR\0\0\0\"\0\0ZfiFI\0\0\0(\0\0|plPL\0\0\0,\0\0ruRU\0\0\0\"\0\0arEG\0\0\0&\0\0enUS\0\0\0&\0\0daDK\0\0\0.\0\0>\0Va\0e\0o\0b\0e\0c\0n\0\0 \0R\0G\0B\0 \0p\0r\0o\0f\0i\0l\0G\0e\0n\0e\0r\0i\r\0k\0i\0 \0R\0G\0B\0 \0p\0r\0o\0f\0i\0l\0P\0e\0r\0f\0i\0l\0 \0R\0G\0B\0 \0g\0e\0n\0\0r\0i\0c\0P\0e\0r\0f\0i\0l\0 \0R\0G\0B\0 \0G\0e\0n\0\0r\0i\0c\0o030;L=89\0 ?@>D09;\0 \0R\0G\0B\0P\0r\0o\0f\0i\0l\0 \0g\0\0n\0\0r\0i\0q\0u\0e\0 \0R\0V\0B\Zu(\0 \0R\0G\0B\0 r_icϏ\0P\0r\0o\0f\0i\0l\0o\0 \0R\0G\0B\0 \0g\0e\0n\0e\0r\0i\0c\0o\0G\0e\0n\0e\0r\0i\0s\0k\0 \0R\0G\0B\0-\0p\0r\0o\0f\0i\0l|\0 \0R\0G\0B\0 \\|\0O\0b\0e\0c\0n\0\0 \0R\0G\0B\0 \0p\0r\0o\0f\0i\0l\0 \0R\0G\0B\0 \0A\0l\0l\0g\0e\0m\0e\0i\0n\0e\0s\0 \0R\0G\0B\0-\0P\0r\0o\0f\0i\0l\0\0l\0t\0a\0l\0\0n\0o\0s\0 \0R\0G\0B\0 \0p\0r\0o\0f\0i\0lfn\Z\0 \0R\0G\0B\0 cϏeNN\0,\0 \0R\0G\0B\0 000000\0P\0r\0o\0f\0i\0l\0 \0R\0G\0B\0 \0g\0e\0n\0e\0r\0i\0c\0 \0 \0R\0G\0B\0P\0e\0r\0f\0i\0l\0 \0R\0G\0B\0 \0g\0e\0n\0\0r\0i\0c\0o\0A\0l\0g\0e\0m\0e\0e\0n\0 \0R\0G\0B\0-\0p\0r\0o\0f\0i\0e\0lB#D%L\0 \0R\0G\0B\0 1H\'D\0G\0e\0n\0e\0l\0 \0R\0G\0B\0 \0P\0r\0o\0f\0i\0l\0i\0Y\0l\0e\0i\0n\0e\0n\0 \0R\0G\0B\0-\0p\0r\0o\0f\0i\0i\0l\0i\0U\0n\0i\0w\0e\0r\0s\0a\0l\0n\0y\0 \0p\0r\0o\0f\0i\0l\0 \0R\0G\0B1I89\0 ?@>D8;L\0 \0R\0G\0BEDA\0 *91JA\0 \0R\0G\0B\0 \'D9\'E\0G\0e\0n\0e\0r\0i\0c\0 \0R\0G\0B\0 \0P\0r\0o\0f\0i\0l\0e\0G\0e\0n\0e\0r\0e\0l\0 \0R\0G\0B\0-\0b\0e\0s\0k\0r\0i\0v\0e\0l\0s\0etext\0\0\0\0Copyright 2007 Apple Inc., all rights reserved.\0XYZ \0\0\0\0\0\0R\0\0\0\0XYZ \0\0\0\0\0\0tM\0\0=\0\0XYZ \0\0\0\0\0\0Zu\0\0s\0\04XYZ \0\0\0\0\0\0(\Z\0\0\0\06curv\0\0\0\0\0\0\0\0\0sf32\0\0\0\0\0B\0\0&\0\0\0\0\0\0\0\0l\0\0\0\0\0\0\0\0\0\0\0\0\0\0\0	\n\0\0\0\0}\0!1AQa\"q2#BR$3br	\n\Z%&\'()*456789:CDEFGHIJSTUVWXYZcdefghijstuvwxyz\0\0\0\0\0\0\0\0	\n\0\0\0w\0!1AQaq\"2B	#3Rbr\n$4%\Z&\'()*56789:CDEFGHIJSTUVWXYZcdefghijstuvwxyz\0C\0\0C\0\0 \0\0\0?\04)|.4]$\\\Z%˧[&$s	.,ĒǒNIҍ1֚Oi:_.?5奅#Y%KmPYa^i1YGȷc\0k>x_º1\0\0\n=Eƍi,ͯzsukou+4\"ƛmcm!he򓽴ַ篟CT_?/\0	\'\0*@|k\n|a?¯k_ψH<a:4i\Z}7`E$SE#3@#ZGQ|I_GSKо\'x7fjZßh^?<~!t&w:G$&|7s6Z$I@>\0E߂\0<?OOý^\0KGtصOݖ\\G׌KIIgky`d\0\ng\07\0%\0;_zO\0\"P?~se~\'AW7\0\Z&u{?\Z׋,|Uw>>|Q}**IZ]\'Iw3*<;OYᦏo5n8KD.|QwYK˪x67SfwbH*D\0\ng\07\0%\0p|7Ӿ\ZC,<	++x@ 5	mdx&DcexEu`\0?4,i\Zl\'tI$Gv,K311$\0\0E߂\0T_?/\0	\'\0(\0\0E߂\0>Z/>Kg|Doh7_\0Zϋt;υþ!]_Vew爗GDF`X=ηCԴkX>$银-<i://#ygi[46Yٞ{M\0E߂\0T_?/\0	\'\0(\0\0E߂\08o\0\r~![yeyki\\]\Z6GlC<\"Kr\"`\ntz3Z,|?tM,ҞI$yԳ;,NI99\0k¢Y\0DM?@*/N\0ޓ\0Ȕ>/um|;ᯊ~.:k|F!o>@>;Y5S᫦Kđ}\0dIO\n\'ƯϋXi\']</Zw\0Z|CZxkĚ怶vL5Ko0uџ;_zO\0\"P\0\ng\07\0%\0xW?~~:|3kz7ojzNh}j6^Ԯ,o-xh\'HEu @|)37|\'CS#Tǚݝ\\q2ZBkq$! (ƹۖw}Zt?<j\Zt߈֢>|n]-ĝs\Zm~^ZɴFưj:u[6;]~m\\~\0x[ymh1^dׯ[I»NH !r**\r\0\ro_A\0A\0E\0@A\0A\0E\0\0?+\0Q\0\0%<W\0\0_Cyx:$.kd!MsFq\Z7\0%<W\0\0\0\0Jx\0\n-G\0\0_Z\0(?9(?@\"PsQj?~9x6	xWVxw[jiI,\',lȿČGz\0<!jn>)5T<EDExª\0^\0Jx\0\n-G\0\0_Z\0(?9(?@\"PsQj?~D\0\0\0A\0A\0E\0\0?+\0Q\0\0%<W\0\0lg |Mum7u-\\A&t2y\0<RHw\rM36[EHZTAaQG0\0P1v\0^\0Jx\0\n-G\0\0_Z\0(?9(?@\"PsQj?~D\0\0\0A\0A\0E\0\0^IԯA~=_Zϣ=|Mm<l6*Hh~\ZX|o	}l\ZQw\rӭʹWV9HikĥQ@<o.2߆zφ^;?sM~kuOŚmWīMz]gMh溾mr-ZMdgF?ޏ7VMz[j]xo<aw#e$̈#\rf5\0ޥ\0E\0f5\0ޥ\0E\0f5\0ޥ\0E\0f5\0ޥ\0E\0r2ɫxzEk%vEF9X	Ē$;I@x\nq;o?뚞CSů \0\'\"Mb~ίkn\\ҫ~6Zd:ƻስKoZOZW߉׶>&J|/<ooKk5Wþ&:M\\]%&v(!{\0g_^xLEZOLs\Zݵ=~*:msOBI\\jտ?׉m5I)㹼7#$5>\"h\rb&|?	~\"DA|[Z\rWEԀ7|Mv>zV|N$~\'W>,c[=\0ϫ44U/bWNS-x+x@j_\r|]h(<+3=U!ӼYxS5x\0K7J=5?k\rO:<K_<	|a\'6I|)⯉֞5K_>\ni5=>%ԫ\\g߶vŮ/|zEuYm|=K-\0~otdIi-]l&>h>oh%M_߅iz4k;<Yh+MaS\r-\'SA?g-oLMx/Othz|Eko{nǒ&Z[KO0f5\0ޥ\0E\0f5\0ޥ\0E\0f5\0ޥ\0E\0f5\0ޥ\0E\0f5\0ޥ\0E\0a#^!2hƇ?j(`Ĳ*9\\fG\npJ0h~_x\0*:Wi7_m$K>9FeU{Y[?\rCID>)P6\0:~ OS^|m|:.ciO[ZWhz	$-\Z]][ķ\0oK6:\0Cm徕78u%q؏>%Լ#Qm:C^jOlyi@.UB)LԟdS/m|F҉<~WnluM:W֗1Nȯ@ڇI_#j;><KWm6>+Ԥki5y7rG[N^7)σޥEU{74cNwl7.O<^_xBaw)~&H\0>е}_r񟁵%5M=5=JԬD/4MbnY,\rs\Zu@gY]Yx$D\0)[~x_l<#<Ph:<_w[)W	s	[p\n׾\Zx_<ggkZ8-;]{ڄ17,XFQ,1(/2\\\0:W\r3ž񾡫?\0ZgKqycX֩:Om\0	eޭ}mNMgi%whӖQo|awIk~\'N[{)Ԡ\r]GĚ:;OXx|{ev=_(@U+n)@tDi֠x迈TAۖX5\nL֗9@9~xK	{m?b\0ͥPlIEc}\Z\0Y]_t]#uKQC6lm|I5̺=76)9xeu,o\\>τu[|]&}KQYdȋXgP@IU%_M\'eŅKHo|+Ѽx|[x[\ZNZ?i|;v\rsǾ?xCC6S\0􏍞fVxg85\r_6ǅ<|1-<I<r:kZ4\Z^#R\0/W{_x~1Ϩ$cYiMSVPx5}R-[D5Lu[+K?6|5}	f_׌6mh?}3~Ə1qJz|uiuGh7_⏈25/:>W\r|W6ޭI|AmY\rOo+xvY۟Z_WCxy4B/?\0~$z|9NӬS^Ѿ!|@_o^ңo?Ŀ(ԟ\\ni.uhZU2_,Ye7<wM3u/\r7^q_i׾8}WtVV^.4]N4I<	#EЯ43^t\rjY\0G:75EC٫n4B֦Wmdi:z\0^5o\rx3BA\02VλHR d,?u/icG3oZi\"ߋ|QG=:k+KlE^=F8m[Xh4u=W\0B^\0?\rw_\0~\Z\0\0ۚ	z5\0˚\0?5k\04\0nk%\03\0.hֶ\Z\n7X=YZWԼ:\Z22Ǭ4P|\"0XR~q|[?/5sM_\Zp=<N|MԖ?\r.4q?ٯb/\\\0\'CG=WL\'[=>##N&/WJ,uJɼUJ|D76]i3[xVLUпn6Cx\Zޤ	)=iB|OgxĞ<C{>3I>}C̸of)h\0$WÞ3<agG.s|0\0|\'+:uK{kQ^.lAX:kxWx\Zu/>sY|dM(x|OڋQBi>-i4,~\'X$}KÏ,)CP@\"`ƿM\0 ƻ>|?j\'𮥣藾6] YHִmK.l<)5W<wiK|K<\'σt	[jڟɣiZX5\\k\"Ks[b^s;3\0hR5x)\'Z\'|@\\˨x~HFJ$Ψ2b=I8`|B%_^ \\ӡxdi,N\nIUE\0|<Zx;++ĺ<ߋW\0\rex_Un}3ľ!仿@ Լ;moê\0er\r\'Q}?A$/Rms~,x_EߧKxR>$Iu=_w61ִy{:[A`iKe,Aq$~e(ioa\0\'\r?\0ٷᧇ$z^>/xC>tSCPP/촀t&틦]x[_-Ѿ\r\0\Z&\0>/,4$kxb[þ.CĶ~]K\0N<n<JZ`Kc/F,\0l\0ߴįnb^jww-t[C:-l5\0!ah|gg\Zǎ4߈j\r^Qm~V0?IChg\rZ?L5q_hrn#4ss{lIX3y\0U\0	\0A/\0\0\Z\0:\0P\0	\0A/\0\0\Z\0:\0P\0	\0A/\0\0ax:gHΘ{lY\0$p\0x??WEFW?Mow^.gmாnYxox7M,tW]Y]\0O|x7x;_ŏ\ngK#e?\0mWx]еKC_,4wR<g^jiZ5ύ\0?e`o71_xo5r:	޷um붰j[RDil`\rBXE@#?5\0u\0=Z_[\0?#?5\0u\0=Z_[\0?#?5\0u\0=Z_[\0Ot\'ψ51-]UVس3iT&I$@\Z:wTZX\"n0Gƀ.GkK\0o9@$z\0\0GkK\0o9@$z\0\0GkK\0o9@$z\0T״I\Zxu}6YeR8ݞGm**\"fcIg4>7yw\nx?@{\\]\\I;4Y,K<3v$@2ʚ\roE߅msW\0\r/|5iY\05\niZ]Kq&_G\Zmť\0}a_6Mށ/f+-NYWVED%yPq\0\'L\0O7@&\0@3\0\0-?\0ؚ?t\0\0t\0bh\0	?\0/-GOܷff2kZzGX9\"?oK~h\ZxX\0\'+`j𮵙ExA[j&%6:&CE\0ύ_k-ïC6ڏL7;M|U|;.i:Z+\Zk}{Xj^`Z\0,>=j^*g_h_4hv?\'5\Z~\0\n-FmcpҴ߉+ޗ⟈gZͣ^Pt~7ڇO(|+I1M?6\0\"k/s$\0\0!{+Kuqkiu<OQ|=|F?g?\n~XiZ~7|QhߍGp~Ė:l$M_¾<5{\0}o^|<!HKs¾	d\r|A?iZ5U|CtR/\0xktjV};L{Mv!:E7/7W	m>#\0y75-:ve/i!E-?EO5\n%Ɩ*\0⽝Ǌn|i@g߶ς<\'x_|㋏xFt\r¡?~/|{|oYy/uR,7M4#_o:∊ZZ<ڇij^=Ds>e⟉GDJ\ZizZj#RЬ4A׉B#|oQh|J~&_\rhO~&xCiz֣-755[,5{{ȮINbh\0	?\0\0\'L\0O7@&\0@3\0\0-?\0ؚ?t\0\0t\0bh\0	?\0tm!<17M+MVMWee}Ad<\0Ӵ] $:i&ؒl-2I<}*\0\0\'L\0O7@&\0@3\0\0-?\0ؚ?t\0\0t\0bh\0	?\0\0\'L\0O7@&\0@3\0\0-?\0p*/_$L<&I#GF\ZUYzSc?־|ޯ:ƹg<-]<Aggmi\rm\"(\"U$4UvxԷ_Go|K/6g7tOx[7~\"5\rbxg\r\'E[&Ю\'xU>0Y[|_/\Z\0:Ŀ@|7}wxk\Z=W\\hVce\\=榶pc.A!,cMoƫ!5?>#kC!ٴ{\r#\ZO\r?qC1j)VўE\0~t/Tw>ŏ<߁L*^|\042DKOdboi׋5圖zcA`\0ɛ\nľ\Zt/m|Sٞ_|M~>4όH,tCѼS\rů\n\rxºFϪYƖXuQ;⇁n~j:\"6¾#/V6euߍ:_lRMGkUKXu셬jό\'VZ,:PQPtHJ\":Ct?]\0_\0V\0\0?\rҿ\\\0\0t\0ι\0[\0\0\07J\0s\0\0%#ȷ\Zh=Y67+]eH?/OvC\0ƟڇtO	xkT5\0|E7$\0ohqFF⮷7i`IϚY<Y<zh-GR\0C-[߃Ҿ\"kK\rlxZFNsQդ4Z{2Tе-@:M+\nGW?how1><>[L{&qHtI5!Q\ZfrN?)|9z\0m4&YяO~88\0mM5I#Li	TXy:^iz0xk\n{x[Cqgj?|sU3Q׮m7*z\rvm>v[Ɖ6>TR>-=oX\0|!GR\0|;6>qjv*xs./}MWO<Cj\Zޣci55iwp\0}}$O:x[VޟzڭZIOZ9[}2&f{M-#}\0n\0?:oK+~u@~\'C\"kEgPJX\\0ܭtU##ps\0Ѱ~Ln5Zو\Z\0&<t\0\0@\0\rҿ\\\0\0t\0ι\0[\0\0\07J\0s\0\0%\0n\0?:oK+~u@!W?տ.8O>-~9TzM.䨒).Y$LYXpF	>h߂> FK\nZ]/-XbڒN	YL$ݶ<Sƭ^$~/ouNXiuhj:vY5u>w\00X\nW0D7zh5xOԼ-b^I4{(&j:ޡm|Q\\#K@Do<Gڿ<ZtkxS־:\0tI,|Aywu-ƯDvE492}+ᇑ»;k6n/T۪:shz-Q3zCi\ZK/kg\"E{cKF-o=/I{B}MHxC6?2}>мM-\r?K~MVVn+/m5>mUaMJcHeO*2\nX,\0xOKxz__ӥ\rw/Fͬ*a\0#i^7e@?9 \0U|4]ro]+-;YQ͡񝇇Cs:ֽ᫉|cNGO\ZhVqKSPÑYA(׭\0=_W?1xƚ43_5mO\r )Tv|X?7g\'uVYm>ˢö;/&Wś\0fW>*.O{I\'Ʊ}6O#Tq}oT0\0rS_Vǉ<]qcV\nF.ilb5xUWyyw(|1k~>\\o\rݥxe\0u:><xݬ<ghx=3ZDȰT񎓢O[}B>,_i\\<\Z\0=Bu#ޙyi9,ivOvxnxﴛ2K`o(;~x{^kcY\0m[T3í\rKTij:ԚP>,>1+j\'zΛ>?F-ƙvZ%lc{`hc/mbሣښ-@ M6\0NWkC͟­[]v\"vtwi2^@X|\n->/i^\r|gaj-3\Z\0U\Zvx/xkcTYi?fw^/t$1Tn{[5k=ejZW2ʚ~}`l. TrvXR꺗#U.kkmGQm</mBwwt8I\0vm߄t];~\Zn-4@UiO4N;m0($<Y\0C\0x=3\0	\0\0a#^!2xNxƇ|>΂r\0l6e\rb44}oпc<\'`dp38`gzg\0˚\0>\'[\04\0}ş1N\0.h\0?c?o\\Ǧ:,\0L\0us@;/\'_ƽG\r41-.KƓkK3.@}cc~⵿i<3ix[DzŤv@=^	&kW	1EPϞ\0½O0F{兏-G_֥⛟R>hTt	S_E? |;CԼc}&\rQxj!<U]=je3?%I(@Qw|?h<5\0\0̽\0h<5\0\0̽\0h<5\0\0̽\0h<5\0\0̽\0r2hIz4[!\rIV]bo\rħ\n	6,?<<m^\'Rx(_qKh<q㛿<Z]xuޕ}Sĝb]\nhZlin:ooU<c|@nxſo\'W!]=.De-&q}OvW/G1s)|QԼ;Ơ-׍B57L\'\Zo$\rI^P-?g-vL^!ռ#i\0_Z|7~~2YWkm7Ns\0f\Zšf{ۙ[7lŞ0S_Zh7<yi<3[(}j+em}#L:=\r<3O~ѿ|!&R|T5u]h>h8>SS;\0{]CN~ҭa2Xa\'E:[iDv\n\Z\0FCxx#K@%7om\0לo<1PD,juP	dZgK8Y#%d`t`UA(\0h<5\0\0̽\0h<5\0\0̽\0h<5\0\0̽\0h<5\0\0̽\0h<5\0\0̽\0h<5\0\0̽\0ax\rxIxqc:$d5\ZUg@ǂ\0i{[[yn461<Hg]>WX@/M]qam,stz\0|Ak1$~٥7ŷrcw=q\\xeomm\'UbbX_~;L</*2RuC#E*_)Qze\"#_Qj#_Qjs^,o-kygZxNSOsX_K;K[Q.0\0G?)?\r|z.tn|#<kڌ$GKC\'mE\\\\~\Z|ie<>;{?º:M;oy9NRQpX>?	kw\0m_M	kfcPm>z4E3h7\Zy y/|U-z9@=Em7>/m5ik3Gw.T)5ns\'rNۃ?k\0K\0(\0\0_j_@&\Z\0\0R\0J\0?5\0ڗ\0\"P\0>Ӽ%jZmai`ԵF>O;;ۨ!inn%as(NIƝ:qT!NNS&)RI$i+R:4URRURQ:t)ԩ95BNRbm$x;\0/	GC_5cX?Wj[x:T߅SkI惮Yiz{͡=XlVIVbhbSI?UJR[]U10JPrqUb)9G⊩JSno?u(<A|[nk^#N=}C\ZE=Ǐ쮴k{b7QjZou==n I6>ў\"JMqf|>l\'>Go⮥Ou.6|B$n|A7w>5M(;i~҅\0p^4~#\\0xWS~\0Cŗލ_~#|K13H,g5YMG~mui\Z\Z@+<G+şSP.OQk\"K\r[\Z_x--×i_9-)˩irjmntp6~_|3x65_\0>*j&/eomGǭxoOi2\\eiD+|rxfCߍoGFIe۟1Og{k	SMm4I-KEmmĭ\r\0hꟲA#Z\'}7oj0m\n?z_M:++B~xr[HІ<+-~>ÛNoiFVڗu~*{^Ml4CF&8im=/S+x9\0	 \0.ԿM|5\0A\0v\0Ȕ\0k?/D_\rA\0]%\0k\0K\0(\0\0_j_@~\'e׈bK/&Fj*=¨,֡FIp\0~9~0pf<Ew_nt]~\0>\0~amI/	x#ZTƟ\n]cS`.?bC¾~\0y|!g?k5>普J!kiYh\nZ׫}Hv`gψl|Tm{j[o8մR/DU卛F.t/Z\n]ҡ8V5\0BtOZsT5\0xm{\r9\"٧</bMZxzG7\\^xJOë@e\0\0\0hz/ß?|c=c-ֿ7όb]|}xྣk8[T[~:vvZv<\r;,k ~PèxF\0o<+!}I36dXx)<:~_gjSZl7uiZ$\'pUOO˟MV}^H5+Ȯ<}&gv#u-?miJ\0u?[]6OEA]UeTg:YYfZIBI=I\'\'h3qlC\Zǆ-:^6\n_{OWWUM+Jm;X|?k-<cW:ķ\0xmofAj|\'lHH#X!UA w<?@Z\0<\0\0<㯁|?/\'k.!m/΅ⶏA0dm>[΃|2p+`q~#c~G?c:59d*>VzyiO?ճ+,.y%gK]CRS?>\'F°jG^M|1ߴ9~04Bdkே\0=vC/xL_jze,˲<0<-8ңF1[ɽ9ΤyNmɶdef&aܷ\rOSTѦZrwrJnujMԜۓf/\'\09^:OOh5k>5.IR-\ro/SNX\0k/_=O[y|A?k|q|B\r/ν|Ot+$oCt|K|>/xFO|/I\0xKW~M/[\rH</~ӵ=SĖvt*{+ۯ?5O_P?_\rZCމ,4cGYx5P>0i\0r|fg=	-TY>0?t_ß\rt/׼9Rt>mex~]7Aտ[N%e\r/bk{!5w<E_GℶGjqjxiZ֑O͎{DUcx3z⏇O..￴[M1xgeCmGǩ_6-Ƈxz\ZfH5m\" O;\nu	7xKAuKK8YxROy\r\\B/WMrW^.Vg\\\\(\0/]-G)mz}~\Z7tO֑]Fkf]oZ~[GW7\Zlx>@Z\0<\0\0.?\'\0yq\0q?\"$@\ZhKM??xG@|\0\0.?\'\0yq\0q?ˏ\0|-\0\\OhϾ,ƃ\"r<>*(>\Z|]<NNPԼ-<!纸ӭW6HŎxb>7n.1x+4\0ZȲ_S|D\'ZеVv</mfRīJ6-j^힑+Kk]M:jQ,w`3:h?\nlP\0We\0~ڀB+\0@[/\0_߶>%|CVǆ<gm\0hxvyoG,o׋2.q8,^\r76\ZjGZԔj.W{KpflF7+̰x<Kxf76_\rVLy%sP8\\\r?w8|+\'4(|5_qAԼQ⟈r\\\0oxO#_0MoxޫwZ<+_Q54zXLYF[\ZzmYV-jM7-!N6#dӔy.WzQ#:،MyYըtܴF>8%v>\"\0gƐxCx֞\0w;o:jxH|w/~>y|q{gj[ºᦋ=o_\0_~z|7M%ͧë\0o[1E{y|MgoYMl|?\nfP\0jrP\0)/`ԭR_e^x<I?F-4\\~9;m&kj~\05+᷏~|\'$\n/&\0kK|SZ|8xFWJ/Ew\0|)-姉`.\"SO|GTZi?i7Dn;OT:J%\0\0E\04;B~ )E?<9O\0o6b_k^ЭY\0Y<?+Ik/ xkúmhZJ|?|9Oxw¶^-|?\Z|@_xN|H\0>GVVk8\"Y\04oL\'\"΃\r8I{st\0We\0~ڀB+\0@[/\0_߶\n\0\0xW_\0\0+¿\0m@!^\0-j\0?|1C$z=I::bӇŏ; o<O65i?pZOG Gֿ=Ɯ-my?\r<N&IN=6OFස5xJCm[@/O\0c]#<;MSú>-լn,,\\7ůC|7O-nV$WfºZ{(mf曦k6:펅\r >\Z8{ß.ডMG&6[oaֺ{l</Q<Mx{WlڴI@>s\\<9|K{ºޟ\0ÏLK+M|=^x}Rh uR\0\r֡14M_Px\nM/Wş5z\ZU;+{^\'o(>=E-xzt蚄!H<[))OGM/?\0u\0zM:o\"m>i֔t?:i_\nWxb\Z冗_jF_\nCEϕvOOv?iGsCK&j\ZᏉ>/[uBҭT񞥢h\0e\rSQ6ׯ8¼O}?ޫ-j~ #E\05-?MյjG-.\r_\\8\ZGa%\0yǫ5h\0mNKռ]?z<0~&|Ox}Qҟ\ZjPi	[-|jwgo\nx\\ğzxt3NZC⏈OoG|4Z]o-U#SR<[7\0Ήo.\r\rZ\0S</<6w|Ch?ǏGskzG=XXZZo>W,_ncOxKo4Mw^kxCփKR^<y|Ecj6kRXАXzx\n5߈ڷ3t\r?j/߳~+xkYX/k\'MZ^o6}#ľU_de_?w~8<_X7گ5MR-KƿioL^\03ZK;C!>\Zռ#4ǯ@YBԣ㿋5\\9HtbupT(e%hiY_K5eK\'+ZEnHRotrBtuXp?DS&J_MR&IQ$bΥc@\n\nM{Rqs\"pMS~&χ,>}̻nb\0[\0Z\'\0O\r\0P\0 1&7\0b0|Ek_xj$.5[?FntxtHpKw\'k\nx5/g^s>om<-/\Z.%E\rYǇ-şٗaѵ+\0k\0OO]4m[\04R?=K@\Z@Ѣ7KJN[vo[3<|E>\Z?5m/ğs` |\0\0¿\rB]{&ŕŝÍRK2j\ZlW\0ggE]{~Ѻψ/\r1״}\'^7oY\0x:w_^|W\nH-.\rOYִ\'Ԁ=|~~ <	ķ~%fWƚuƛ⵻픚xnu=&5hcc{iHdk\0wS\0ߟGO<C\0~|=\0j\0??p\0)\0\0T\0??:xk.-	cxt\r%f[`pTՏv>--ٿ6yhm:1\0QRI!)\n(B\0k\Zgp>ҡn0?\0y}\rO+d^ך^vxZDP.c/%M.-/4˘[+i!ݗNhM7\Z>\0\n7>-KG4\r/@,}\Z@;m7L5[[E1\"*!jAVCkG\Z#\rdDS(7]X:@,-\\ĭb(c>(\Z(cB)\n\0P|$<!͠^MFfMt\n[ZOW\0jB-ޱZ4Q3Ǐ:hM<=\n]Ek]m{m\Z	Ɗ+Eɚ\0<oM~ʺ>#2\0?	߅vwiGV[GJ$XLKZmĺ|srj\rota^5Z79	_pψ|\0^ɫN)RmGV|AELhu2KZ\\[}+\"oh4S]sIKM{>5~&|:mXjv0ip^X\\,ֳ|7\0c~S9/~2~J\0|NGߊ<?#j\0LnuK-ηIz?\nL0[\"мK{⏆zauxǶcO~/c3blb-+iOZ\Z?<<n\0sAC⯍74W=>+|B?GΩy閶HGÿ|=ďxŞ6%z~6_\nxR?m\r_xWVClo5V\0QC$@:|O\0[k|>aX__GxE5SefE6:t<\"Y!\\v2]fpeg:FuE*S䄹bގJclb=T{%\nQR.XEJVNJ|\0|\r\ZƅϩZiWz_ů?<T\Zpxx\r]xIo=;[ToAk;.KQ2>ip|T\\CAarUk5JJN.pjj<ǑgT8,f\\.?	ũOƄ0؊ohb(VeЛjA:rZ_kkσz~#ϊ~5<#׈nеa]WkmWiu7y?jr%x_Z|J~ۯW-~\Z֚mMFj)a=z`M>шh\0:׌1+{i)_\\7Zw> \Zht[wCӵ\rgGV]KJlk;iP\nzAE:Pu-FRw+S{N$ԵK[Σio5ͬrt(h|+mĞw>+^$IDgԴ}rNgd MV->^eGm&xwK\'~?\n^ ?4ٮZ>8-տNWoG{iҾiݵ֑yY\0=\0]~_Gkğu\0B(w4/4|(7hvD~..?+~Iխ\0=#G/ߏ|USn_`͇dExjO^[\ZO5\nxǖΓ\n4:׍<Ey>gW@M\0b~κ%ǋf>xqxg:OQO	O]5۟	|AnZ׬tæ>kYD?d|\0|O|L<E{IG\Z2-|xQ񅦜;.u7Zƫiw\ZgV֭>t]oX\0k\',?\0^&\0=\0ya\0(\07	\01@׉OX\066߈VO	q+bZϴBlR[h `h;OoXCoAX|c/EoEOK\'PN.u@\Z.+k^\'.esÚNx\\ռKYiz.ͨjy4K\rX^^\\,	P\rD|G\",Hn2:0ʲV \0w׉OX\0?M\0B{\0\0Po\0bО\0<\0|QռC/Gqg#b_%uS\Z@(3A <yO|LI6h>\"{φjO%tg7ú6fƛkyus-$!-`ZM卷5|6߃#Ҭ>\r|c[\rfX5KK4M:ᾍZU<֙lP?^/ot^V|%9g.@!Ьt(c6.0\0	箩\0߈\0[@&\0~#\0m\0x{zM\0\0m7?VO~\0{kK4&5H<7luuu]9tXTm@?,iz,<ptc\ZȰèIuKSTU5\'Q|V1RC5Ў4*,W\"G\r\Zruut*JN(s9?\n5\'Kxv\njχ^-:k4_x~mx_ƞ2<a\'Ŋ<K\nkei~ׅ|5C}|Ca0eؼ.7ƶ,Ehi(FJ?wf_e\Z8a9J5Ub0#RN8ϥ#\0|c?|`ux\']b-/mg??h?W-JK	_]½SYll;o[=(~)hn|Mɧ~z~ս)z\'?tC_<4\rH|Uukk)l<-G^WhxORд?\0iQ!e\r~Z	(τA⋟	xO|K_ð^]?\0xo{k41iizv\0UH	|{Ѯ>|w?\riF<yK?Zt\"H/w2/|*59ci\0>?9ZW|l|{?C!sm ~1H))\Z_4.Vi<=\ne\rth؟Yg2~\n<r/txR7ƣ؟Lw&:,G$jQxM-M࿉Ǉ$[YR\0;O>|1\rox[ѼU\Z.kawV\\]jjzĮ-IȠA>5$5PG\r#\0:\0OM=\0=uO&G\0\0?6?\0+h\0\0T\0oo]S\0	\0M=\0=uO&G\0\0?6?\0+h2%߈bIu=hzi!E\n2FYU\0f?->6pYo%xk\05Z|`nj߱.I7\ZON^s\"ލa\rWNPʼM\0{\nK5Hi~,ID\r[xko9h~\'յmCA?[k}\0}O0^,cFI7/mŞ ֭?CS+xE4\'u5F]HWo]S\0	\0M=\0=uO&G\0\0?6?\0+h\0\0T\0o⏋;<MD?|AbM^r<iJNWH׫,*xs^1<YO5_>!qx~#x\0«mKoII:0!ӭn{}AԿc|2?	x3]:\"5\r3*wxC$]ͧ{KՂh~ sc[t^\0n6\"v\0tgbӾ1@~W~t\0e}G@W~t\0e}G@Y<]o5yOZesy[[2\\ZOs_]Cͻ;aeT67	G0X|n\ZIS:5cҋ9*I7L~qn.20bp8BNFt+B3	JIEIk?~P_xCZu?xsπ<+*Mm&¾ ԭ<SR^|\'3^GO\r]^\0jxF,;kEkp8<	`0<-(B:q$mҔ9snnRUev\Z\Z8|=8Rnu*MʥIU*JS/~9-\0\0ׅ>/?~;xCwB/xGG1;+{K=KU9i[ĺmv-zˬ8\0^tGG_\Z+忇> C?OUĦ-֙8_\rO~Z3qD.Cﮢ\0Oo5~>%[|b<;~>W\ZUXhw𗈼Ce3k?;px⯎Yڭ</~%Ծ\ri@@	\0k\Z|Ҿ0a⏌?TMږ\0izv{W!O>3|)v?<UM\\\0}8\'׃<ZKDquKxw_Z߉:Z?t5ozö\Z+}m4Zv}F}<I\0|__RO|m~ |!_7<S4񧄮-~NZgǽ^~2b׉C\r\'kx>,keiUs-^yo>cqI5?Z3NxF?žq4^&u-r׷\Z5ׂ<eSN:k+i>\"h\0-ş;\Z-\"<o3A}ExDg\\@\0_Q\0_Q\0_Q\0/NG5\0\r-5u#<{\0_Q\0_Q\0_Q\0yŢ?WBț>\0\n3x?qw@\'\'^A?:>sj;\"|S%.MymyKkeo#g֭O\\i>Sd{xGFoN5sREY\"B^-5[PtO<;+=.|3kuqoi	]D<bU[gr(\0\n\0E\0Э\0X\0?\n\0E\0Э\0X\0\0㯂|>=oƾ|I`\Zi;iFA5KQoe3MjDřajr~\n\"XJؼ+Kg<-LE	҆\"JjyesEZIǃ5V2_`):J=Z4TgNNxyMU,.h+N.??j/M_|-u\0\0IozW>#<S?:T>o19wě?\nMwz>K=V>KSr6]O{TUgVZ%.WRZƔ9iҍe.|\'xl\'t#z~\"\'KZ؊)({Ik\Z4hч-:qJ-ߎ/	j?;R\\|<=@\'\Zamm_=ޥ7(|qEntZX<E\rxsIiVoz?H><e7P^;i-gW57XxKw\05=}B׾#i!g@Ӿ%r~0ύ##Y|#]Y:6\r׎.lĶK_>\'Wň,Y\Z|*([7ѵWcLW?h\Zֱ{_4\0+\ri\"-x7<Q|(e/:oY4H <2\0~a;Xᆯkf\0xJ\0=o{?\nuGEO\"мUꚤik%֒tTM\0~xG~. |-#v/?>=cj\0\Z+k$~ZfAt	}uE\r??ࢯ\0_\ZOJi~/>vľ#o#ÿ\0Fǯ<j\0\r?v7bǿvi3B.G>/?e+~*x@|7<N\0x];gK{g%Ԯ<&yZ[<+w7_W⧇/WH}v;iV~-xKf<Wh׾{\0пB!\0B\0Qa\0(\0\0/+x\0bB!\0B\0Qa\0(\0\0/+x\0bB!\0B\0Qa\0(^\ZgAH=Y4ttete2 1\0fƀvM,L(I$I$NI\0\0_?V\0\n,?\0Co\0\0P\0_?V\0\n,?\0Co\0\0P\0_?V\0\n,?\0Co\0\0PO^kۛohxG<:]r,ze$ȐGF#4AGZ/ľ >0_i~Ʊh:Xi:]̖vkq{kɖ(O;Ydr]0C\0\0?PF@\0wzΩ]:U6\r>h.$\\/$O(\"(XEg\0\0\05\0\0v\0GM@4_?QSP\0\rkx{\0R\0B/<c<<+AL<GtzDn6K8rW2o\Z/?(\0)\0\0\0C\n<=\0j\0?3\0q\0h\0;\\\Z/?(\0)w]mqҴA<mM]w̹VVʰ<\"\"O\Z*F\Z/OAFN\02Y9&\0\rkx{\0\0Eg\0\0\05\0\0v\0GM@4_?QSP\0\rkx{\0\0Eg\0\0\05\0\0v\0GM@4_?QSP{͝ό%#h\n$x)c,:r3`yP	c>2E\ZD5T4_j\0dRrM\0?\Z/?(\0)\0\0\0C\n<=\0j\0?3\0q\0h\0;\\\Z/?(\0)\0\0\0C\n<=\0j\0վ<|YִGH_=֝]X_[/B\\Z]BBdJTD셢senX\0\0\0PK\0\0\0\0\0!\0J\0\0o\0\0\0docProps/core.xml (\0\0\0\0\0\0\0\0\0\0\0\0\0\0\0\0\0\0\0\0\0\0\0\0\0\0\0\0\0\0\0\0\0\0\0\0\0\0\0\0\0\0\0\0\0\0\0\0\0\0\0\0\0\0\0\0\0\0\0\0\0\0\0\0\0\0\0\0\0\0\0\0\0\0\0\0\0\0\0\0\0\0\0\0\0\0\0\0\0\0\0\0\0\0\0\0\0\0\0\0\0\0\0\0\0\0\0\0\0\0\0\0\0\0\0\0\0\0\0\0\0\0\0\0\0\0\0\0\0\0\0\0\0\0\0\0\0\0\0\0\0\0\0\0\0\0\0\0\0\0\0\0\0\0\0\0\0\0\0\0\0\0\0\0\0\0\0\0\0\0\0\0\0\0\0\0\0\0\0\0\0\0\0\0\0\0\0\0\0\0\0\0\0\0\0\0\0\0\0\0\0\0\0\0\0\0\0\0\0\0\0\0\0\0\0\0\0\0\0\0\0\0\0\0\0\0\0\0\0\0\0\0\0\0\0\0\0\0\0\0\0\0\0\0\0\0\0\0\0\0\0\0\0\0\0\0\0]K0C}tJŻ,yhon29/{YG_`Ъ@iBPi.Զ@/2FTqZk:C\"g&c@R.c@;Mc;%VRv\retxBKSOq@DG$g|ںp	;&)z9)#`Bc1^{\'c4I3b)~[=>wUc]1@eY,Pmyrk\Z=PHkXSWapn?zWxe}:tiLUJL۸<;\"O2g_\0\0\0PK\0\0\0\0\0!\0S0\0\0\0\0\0docProps/app.xml (\0\0\0\0\0\0\0\0\0\0\0\0\0\0\0\0\0\0\0\0\0\0\0\0\0\0\0\0\0\0\0\0\0\0\0\0\0\0\0\0\0\0\0\0\0\0\0\0\0\0\0\0\0\0\0\0\0\0\0\0\0\0\0\0\0\0\0\0\0\0\0\0\0\0\0\0\0\0\0\0\0\0\0\0\0\0\0\0\0\0\0\0\0\0\0\0\0\0\0\0\0\0\0\0\0\0\0\0\0\0\0\0\0\0\0\0\0\0\0\0\0\0\0\0\0\0\0\0\0\0\0\0\0\0\0\0\0\0\0\0\0\0\0\0\0\0\0\0\0\0\0\0\0\0\0\0\0\0\0\0\0\0\0\0\0\0\0\0\0\0\0\0\0\0\0\0\0\0\0\0\0\0\0\0\0\0\0\0\0\0\0\0\0\0\0\0\0\0\0\0\0\0\0\0\0\0\0\0\0\0\0\0\0\0\0\0\0\0\0\0\0\0\0\0\0\0\0\0\0\0\0\0\0\0\0\0\0\0\0\0\0\0\0\0\0\0\0\0\0\0\0\0\0\0\0\0\0Mo09]1H;bvgMc$׏vڍ/^>n/zbrQJ<^}	1@%V69&\0X(DBgp&y/c8ѾuH^g	PC}\rMh>|kuwR?9#Ɔ\'c]mpsneGG]*9O\Zk<#a}2jӪK1~E `Mv&)c+\0J`*\\;ݍ^.Kĝ#٘L ^ΉGw|9d:vɄ#7ޣo.s{CpZeQm[8ț~0Y&>ing2ݺ^,O%묦o\0\0\0\0PK-\0\0\0\0\0\0!\0;H@l\0\0\0\0\0\0\0\0\0\0\0\0\0\0\0\0\0\0\0\0\0[Content_Types].xmlPK-\0\0\0\0\0\0!\0}T\r\0\0\0\0\0\0\0\0\0\0\0\0\0\0\0\0\0\0\0_rels/.relsPK-\0\0\0\0\0\0!\0n\0\0\0\0\0\Z\0\0\0\0\0\0\0\0\0\0\0\0\0\0\0xl/_rels/workbook.xml.relsPK-\0\0\0\0\0\0!\0a\0\0\0\0\0\0\0\0\0\0\0\0\0\0\0\0\0	\0\0xl/workbook.xmlPK-\0\0\0\0\0\0!\0o\0\0	\0\0\0\0\0\0\0\0\0\0\0\0\0\0\0\0\0xl/sharedStrings.xmlPK-\0\0\0\0\0\0!\00k\0\0\0\0\0\0\0\0\0\0\0\0\0\0\0\0\0\0\0xl/theme/theme1.xmlPK-\0\0\0\0\0\0!\09wo\0\0\0\0\r\0\0\0\0\0\0\0\0\0\0\0\0\0\0\0xl/styles.xmlPK-\0\0\0\0\0\0!\0R6]\0\0j\0\0\0\0\0\0\0\0\0\0\0\0\0\0\0\n\0\0xl/worksheets/sheet1.xmlPK-\0\n\0\0\0\0\0\0\0!\0h̫y\0\0y\0\0\0\0\0\0\0\0\0\0\0\0\0\0\0)\0\0docProps/thumbnail.jpegPK-\0\0\0\0\0\0!\0J\0\0o\0\0\0\0\0\0\0\0\0\0\0\0\0\0\0*\0\0docProps/core.xmlPK-\0\0\0\0\0\0!\0S0\0\0\0\0\0\0\0\0\0\0\0\0\0\0\0\0\0\0\0docProps/app.xmlPK\0\0\0\0\0\0\0\0q\0\0\0\0',41292,'2016-09-06 09:56:32'),(24257895,20160809,'exec.sql','application/octet-stream','exec db_datasync.MergeAndCloseDupe_PM \'21023389\',\'0221022532150\';\nexec db_datasync.MergeAndCloseDupe_PM \'21023074\',\'0221022532280\';\nexec db_datasync.MergeAndCloseDupe_PM \'21023183\',\'0221022531960\';\nexec db_datasync.MergeAndCloseDupe_PM \'21023245\',\'0221022531960\';\nexec db_datasync.MergeAndCloseDupe_PM \'0321655002550\',\'0221022531960\';\nexec db_datasync.MergeAndCloseDupe_PM \'0221022523920\',\'0221022531960\';\nexec db_datasync.MergeAndCloseDupe_PM \'21023182\',\'0221022532490\';\nexec db_datasync.MergeAndCloseDupe_PM \'0321655002520\',\'0221022532490\';\nexec db_datasync.MergeAndCloseDupe_PM \'21023180\',\'0221022532370\';\nexec db_datasync.MergeAndCloseDupe_PM \'0321655002320\',\'0221022532370\';\nexec db_datasync.MergeAndCloseDupe_PM \'21023198\',\'0221022525980\';\nexec db_datasync.MergeAndCloseDupe_PM \'21023725\',\'0221022526740\';\nexec db_datasync.MergeAndCloseDupe_PM \'21023202\',\'0221022512780\';\nexec db_datasync.MergeAndCloseDupe_PM \'21023177\',\'0221022532420\';\nexec db_datasync.MergeAndCloseDupe_PM \'21024355\',\'0221022526100\';\nexec db_datasync.MergeAndCloseDupe_PM \'0321655002450\',\'0221022526100\';\nexec db_datasync.MergeAndCloseDupe_PM \'21025100\',\'0221022532000\';\nexec db_datasync.MergeAndCloseDupe_PM \'21023173\',\'0221022532000\';\nexec db_datasync.MergeAndCloseDupe_PM \'0221022510700\',\'0221022532000 \';\nexec db_datasync.MergeAndCloseDupe_PM \'21022891\',\'0221022532220\';\nexec db_datasync.MergeAndCloseDupe_PM \'21023171\',\'0221022516560\';\nexec db_datasync.MergeAndCloseDupe_PM \'0321655002410\',\'0221022516560\';\nexec db_datasync.MergeAndCloseDupe_PM \'21023188\',\'0221022524760\';\nexec db_datasync.MergeAndCloseDupe_PM \'0321655002230\',\'0221022524760\';\nexec db_datasync.MergeAndCloseDupe_PM \'21024813\',\'0221022525600\';\nexec db_datasync.MergeAndCloseDupe_PM \'21023191\',\'0221022532430\';\nexec db_datasync.MergeAndCloseDupe_PM \'21023192\',\'0221022532380\';\nexec db_datasync.MergeAndCloseDupe_PM \'21023561\',\'0221022527290\';\nexec db_datasync.MergeAndCloseDupe_PM \'21023193\',\'0221022532390\';\nexec db_datasync.MergeAndCloseDupe_PM \'21023196\',\'0221022532410\';\nexec db_datasync.MergeAndCloseDupe_PM \'0321655002280\',\'0221022532410\';\nexec db_datasync.MergeAndCloseDupe_PM \'21023195\',\'0221022532450\';\nexec db_datasync.MergeAndCloseDupe_PM \'21023197\',\'0221022532460\';\nexec db_datasync.MergeAndCloseDupe_PM \'21023132\',\'0221022532230\';\nexec db_datasync.MergeAndCloseDupe_PM \'21024445\',\'0221022525370\';\nexec db_datasync.MergeAndCloseDupe_PM \'21024444\',\'0221022524690\';\nexec db_datasync.MergeAndCloseDupe_PM \'21025215\',\'0221022524890\';\nexec db_datasync.MergeAndCloseDupe_PM \'21023168\',\'0221022532110\';\nexec db_datasync.MergeAndCloseDupe_PM \'21024383\',\'0221022524330\';\nexec db_datasync.MergeAndCloseDupe_PM \'21023277\',\'0221022532330\';\nexec db_datasync.MergeAndCloseDupe_PM \'21024269\',\'0221022525380 \';\nexec db_datasync.MergeAndCloseDupe_PM \'21023199\',\'0221022525000\';\nexec db_datasync.MergeAndCloseDupe_PM \'0221022532440\',\'0221022525000\';\nexec db_datasync.MergeAndCloseDupe_PM \'21025271\',\'0221022525000\';\nexec db_datasync.MergeAndCloseDupe_PM \'21024145\',\'0221022525410\';\nexec db_datasync.MergeAndCloseDupe_PM \'21023542\',\'0221022527310\';\nexec db_datasync.MergeAndCloseDupe_PM \'0321655002120\',\'0221022527310\';\nexec db_datasync.MergeAndCloseDupe_PM \'21024270\',\'0221022525040\';\nexec db_datasync.MergeAndCloseDupe_PM \'21020940\',\'0221022532510\';\nexec db_datasync.MergeAndCloseDupe_PM \'0221022530900\',\'0221022532510\';\nexec db_datasync.MergeAndCloseDupe_PM \'21020073\',\'0221022532510\';\nexec db_datasync.MergeAndCloseDupe_PM \'21022876\',\'0221022532210\';\nexec db_datasync.MergeAndCloseDupe_PM \'21022878\',\'0221022519710\';\nexec db_datasync.MergeAndCloseDupe_PM \'0321655002500\',\'0221022519710\';\nexec db_datasync.MergeAndCloseDupe_PM \'21025099\',\'0221022512550\';\nexec db_datasync.MergeAndCloseDupe_PM \'0321655002370\',\'0221022512550\';\nexec db_datasync.MergeAndCloseDupe_PM \'21024069\',\'0221022525690\';\nexec db_datasync.MergeAndCloseDupe_PM \'21025134\',\'0221022525030\';\nexec db_datasync.MergeAndCloseDupe_PM \'21023115\',\'0221022525050\';\nexec db_datasync.MergeAndCloseDupe_PM \'0221022529830\',\'0221022525050\';\nexec db_datasync.MergeAndCloseDupe_PM \'21025266\',\'0221022525050\';\nexec db_datasync.MergeAndCloseDupe_PM \'21024333\',\'0221022525360\';\nexec db_datasync.MergeAndCloseDupe_PM \'21024384\',\'0221022525610\';\nexec db_datasync.MergeAndCloseDupe_PM \'21024397\',\'0221022525260\';\nexec db_datasync.MergeAndCloseDupe_PM \'21024244\',\'0221022524980\';\nexec db_datasync.MergeAndCloseDupe_PM \'21024154\',\'0221022525960\';\nexec db_datasync.MergeAndCloseDupe_PM \'21024468\',\'0221022525630\';\nexec db_datasync.MergeAndCloseDupe_PM \'21024092\',\'0221022525660\';\nexec db_datasync.MergeAndCloseDupe_PM \'21024272\',\'0221022525470\';\nexec db_datasync.MergeAndCloseDupe_PM \'21024246\',\'0221022525390\';\nexec db_datasync.MergeAndCloseDupe_PM \'21025110\',\'0221022524570\';\nexec db_datasync.MergeAndCloseDupe_PM \'21023624\',\'0221022527440\';\nexec db_datasync.MergeAndCloseDupe_PM \'21023796\',\'0221022503500\';\nexec db_datasync.MergeAndCloseDupe_PM \'21023723\',\'0221022526540\';\nexec db_datasync.MergeAndCloseDupe_PM \'21020033\',\'0221022531990\';\nexec db_datasync.MergeAndCloseDupe_PM \'21022572\',\'0221022532160\';\nexec db_datasync.MergeAndCloseDupe_PM \'21020139\',\'0221022519330\';\nexec db_datasync.MergeAndCloseDupe_PM \'21022860\',\'0221022519850\';\nexec db_datasync.MergeAndCloseDupe_PM \'21024818\',\'0221022524420\';\nexec db_datasync.MergeAndCloseDupe_PM \'21023033\',\'0221022532300\';\nexec db_datasync.MergeAndCloseDupe_PM \'21023201\',\'0221022532400\';\nexec db_datasync.MergeAndCloseDupe_PM \'21023131\',\'0221022519380\';\nexec db_datasync.MergeAndCloseDupe_PM \'21023169\',\'0221022532350\';\nexec db_datasync.MergeAndCloseDupe_PM \'21024264\',\'0221022526660\';\nexec db_datasync.MergeAndCloseDupe_PM \'0321655002200\',\'0221022526660\';\nexec db_datasync.MergeAndCloseDupe_PM \'21023599\',\'0221022527360\';\nexec db_datasync.MergeAndCloseDupe_PM \'21022571\',\'0221022532180\';\nexec db_datasync.MergeAndCloseDupe_PM \'21023194\',\'0221022527300\';\nexec db_datasync.MergeAndCloseDupe_PM \'21023423\',\'0221022526950\';\nexec db_datasync.MergeAndCloseDupe_PM \'21023244\',\'0221022532310\';\nexec db_datasync.MergeAndCloseDupe_PM \'0321655002440\',\'0221022532310\';\nexec db_datasync.MergeAndCloseDupe_PM \'21022573\',\'0221022532170\';\nexec db_datasync.MergeAndCloseDupe_PM \'21024451\',\'0221022524440\';\nexec db_datasync.MergeAndCloseDupe_PM \'21023187\',\'0221022531950\';\nexec db_datasync.MergeAndCloseDupe_PM \'21024146\',\'0221022524450\';\nexec db_datasync.MergeAndCloseDupe_PM \'21025264\',\'0221022524990\';\nexec db_datasync.MergeAndCloseDupe_PM \'0321655002260\',\'0221022507150\';\nexec db_datasync.MergeAndCloseDupe_PM \'21023203\',\'0221022507150\';\nexec db_datasync.MergeAndCloseDupe_PM \'21023179\',\'0221022532320\';\nexec db_datasync.MergeAndCloseDupe_PM \'21025142\',\'0221022526040\';\nexec db_datasync.MergeAndCloseDupe_PM \'21025221\',\'0221022524870\';\nexec db_datasync.MergeAndCloseDupe_PM \'21025206\',\'0221022524430\';\nexec db_datasync.MergeAndCloseDupe_PM \'21025265\',\'0221022525480\';\nexec db_datasync.MergeAndCloseDupe_PM \'21023082\',\'0221022523800\';\nexec db_datasync.MergeAndCloseDupe_PM \'21020887\',\'0221022529770\';\nexec db_datasync.MergeAndCloseDupe_PM \'0221022529771\',\'0221022529770\';\nexec db_datasync.MergeAndCloseDupe_PM \'21025260\',\'0221022524300\';\nexec db_datasync.MergeAndCloseDupe_PM \'21025259\',\'0221022524910\';\nexec db_datasync.MergeAndCloseDupe_PM \'21022972\',\'0221022523550\';\nexec db_datasync.MergeAndCloseDupe_PM \'21022914\',\'0221022503250\';\nexec db_datasync.MergeAndCloseDupe_PM \'21014266\',\'21013177\';\nexec db_datasync.MergeAndCloseDupe_PM \'0321205000930\',\'21014445\';\nexec db_datasync.MergeAndCloseDupe_PM \'0321205000970\',\'21014383\';\nexec db_datasync.MergeAndCloseDupe_PM \'0321205001220\',\'21013277\';\nexec db_datasync.MergeAndCloseDupe_PM \'0321205001210\',\'21014269\';\nexec db_datasync.MergeAndCloseDupe_PM \'0321205001370\',\'21014270\';\nexec db_datasync.MergeAndCloseDupe_PM \'0321205001310\',\'21015134\';\nexec db_datasync.MergeAndCloseDupe_PM \'0321205001250\',\'21014384\';\nexec db_datasync.MergeAndCloseDupe_PM \'0321205001300\',\'21014397\';\nexec db_datasync.MergeAndCloseDupe_PM \'0321205001360\',\'21014244\';\nexec db_datasync.MergeAndCloseDupe_PM \'0321205001060\',\'21014154\';\nexec db_datasync.MergeAndCloseDupe_PM \'0321205000890\',\'21014468\';\nexec db_datasync.MergeAndCloseDupe_PM \'0321205001190\',\'21014271\';\nexec db_datasync.MergeAndCloseDupe_PM \'0321205001080\',\'21013033\';\nexec db_datasync.MergeAndCloseDupe_PM \'21014267\',\'21013131\';\nexec db_datasync.MergeAndCloseDupe_PM \'0321205001160\',\'21013169\';\nexec db_datasync.MergeAndCloseDupe_PM \'0321205001340\',\'21013194\';\nexec db_datasync.MergeAndCloseDupe_PM \'0321205001200\',\'21014451\';\nexec db_datasync.MergeAndCloseDupe_PM \'0321205001230\',\'21015142\';\nexec db_datasync.MergeAndCloseDupe_PM \'0321205001280\',\'21015206\';\nexec db_datasync.MergeAndCloseDupe_PM \'21015394\',\'21010887\';\nexec db_datasync.MergeAndCloseDupe_PM \'21012566\',\'21011920\';\nexec db_datasync.MergeAndCloseDupe_PM \'0221022531970\',\'0221022520380\';\nexec db_datasync.MergeAndCloseDupe_PM \'0221022510700\',\'0221022532000\';\n',8931,'2016-09-06 09:56:32');
/*!40000 ALTER TABLE `Document` ENABLE KEYS */;
UNLOCK TABLES;

--
-- Table structure for table `LoginDetail`
--

DROP TABLE IF EXISTS `LoginDetail`;
/*!40101 SET @saved_cs_client     = @@character_set_client */;
/*!40101 SET character_set_client = utf8 */;
CREATE TABLE `LoginDetail` (
  `LoginDetail_Id` bigint(20) NOT NULL AUTO_INCREMENT,
  `Username` varchar(200) NOT NULL,
  `RemoteAddress` varchar(45) DEFAULT NULL,
  `LoginDate` datetime NOT NULL,
  `LoginSuccessful` bit(1) NOT NULL,
  `FailureReason` varchar(500) DEFAULT NULL,
  `LoginDetail_User_Id` bigint(20) NOT NULL,
  PRIMARY KEY (`LoginDetail_Id`),
  KEY `fk_LoginDetail_User1_idx` (`LoginDetail_User_Id`),
  CONSTRAINT `fk_LoginDetail_User1` FOREIGN KEY (`LoginDetail_User_Id`) REFERENCES `Users` (`User_Id`) ON DELETE NO ACTION ON UPDATE NO ACTION
) ENGINE=InnoDB DEFAULT CHARSET=utf8;
/*!40101 SET character_set_client = @saved_cs_client */;

--
-- Dumping data for table `LoginDetail`
--

LOCK TABLES `LoginDetail` WRITE;
/*!40000 ALTER TABLE `LoginDetail` DISABLE KEYS */;
/*!40000 ALTER TABLE `LoginDetail` ENABLE KEYS */;
UNLOCK TABLES;

--
-- Table structure for table `Mail`
--

DROP TABLE IF EXISTS `Mail`;
/*!40101 SET @saved_cs_client     = @@character_set_client */;
/*!40101 SET character_set_client = utf8 */;
CREATE TABLE `Mail` (
  `mail_id` int(11) NOT NULL AUTO_INCREMENT,
  `mail_to` varchar(45) DEFAULT NULL,
  `mail_from` varchar(45) DEFAULT NULL,
  `mail_subj` varchar(45) DEFAULT NULL,
  `mail_body` text,
  `create_date` datetime DEFAULT NULL,
  `modified_date` datetime DEFAULT NULL,
  PRIMARY KEY (`mail_id`)
) ENGINE=InnoDB DEFAULT CHARSET=utf8;
/*!40101 SET character_set_client = @saved_cs_client */;

--
-- Dumping data for table `Mail`
--

LOCK TABLES `Mail` WRITE;
/*!40000 ALTER TABLE `Mail` DISABLE KEYS */;
/*!40000 ALTER TABLE `Mail` ENABLE KEYS */;
UNLOCK TABLES;

--
-- Table structure for table `Party`
--

DROP TABLE IF EXISTS `Party`;
/*!40101 SET @saved_cs_client     = @@character_set_client */;
/*!40101 SET character_set_client = utf8 */;
CREATE TABLE `Party` (
  `Party_Id` bigint(20) NOT NULL AUTO_INCREMENT,
  `Party_PartyType_Id` int(11) NOT NULL,
  `AddressCity` varchar(100) DEFAULT NULL,
  `AddressLine1` varchar(255) DEFAULT NULL,
  `AddressLine2` varchar(255) DEFAULT NULL,
  `PostalCode` varchar(45) DEFAULT NULL,
  `ContactPhoneNumber` varchar(45) DEFAULT NULL,
  `Name` varchar(45) DEFAULT NULL,
  `EmailAddress` varchar(45) DEFAULT NULL,
  `Party_Country_Id` bigint(20) DEFAULT NULL,
  `Party_State_Id` bigint(20) DEFAULT NULL,
  `ClientId` varchar(45) DEFAULT NULL,
  `IsActive` bit(1) DEFAULT NULL,
  `ContactLastname` varchar(100) DEFAULT NULL,
  `ContactFirstname` varchar(100) DEFAULT NULL,
  `ContactPersonTitle` varchar(100) DEFAULT NULL,
  `ContactMiddlename` varchar(100) DEFAULT NULL,
  `YearEstablished` int(11) DEFAULT NULL,
  `Party_BusinessType_Id` bigint(20) DEFAULT NULL,
  `OtherTypeOfBusiness` varchar(555) DEFAULT NULL,
  `MajorBusinessActivity` varchar(455) DEFAULT NULL,
  `TermConditionAccepted` bit(1) DEFAULT NULL,
  `PartyStatus_PartyStatus_Id` bigint(20) NOT NULL,
  PRIMARY KEY (`Party_Id`),
  KEY `fk_Party_PartyType1_idx` (`Party_PartyType_Id`),
  KEY `fk_Party_Country1_idx` (`Party_Country_Id`),
  KEY `fk_Party_State1_idx` (`Party_State_Id`),
  KEY `fk_Party_BusinessType1_idx` (`Party_BusinessType_Id`),
  KEY `fk_Party_PartyStatus1_idx` (`PartyStatus_PartyStatus_Id`),
  CONSTRAINT `fk_Party_BusinessType1` FOREIGN KEY (`Party_BusinessType_Id`) REFERENCES `BusinessType` (`BusinessType_Id`) ON DELETE NO ACTION ON UPDATE NO ACTION,
  CONSTRAINT `fk_Party_Country1` FOREIGN KEY (`Party_Country_Id`) REFERENCES `Country` (`Country_Id`) ON DELETE NO ACTION ON UPDATE NO ACTION,
  CONSTRAINT `fk_Party_PartyStatus1` FOREIGN KEY (`PartyStatus_PartyStatus_Id`) REFERENCES `PartyStatus` (`PartyStatus_Id`) ON DELETE NO ACTION ON UPDATE NO ACTION,
  CONSTRAINT `fk_Party_PartyType1` FOREIGN KEY (`Party_PartyType_Id`) REFERENCES `PartyType` (`PartyType_Id`) ON DELETE NO ACTION ON UPDATE NO ACTION,
  CONSTRAINT `fk_Party_State1` FOREIGN KEY (`Party_State_Id`) REFERENCES `State` (`State_Id`) ON DELETE NO ACTION ON UPDATE NO ACTION
) ENGINE=InnoDB AUTO_INCREMENT=20161326 DEFAULT CHARSET=utf8;
/*!40101 SET character_set_client = @saved_cs_client */;

--
-- Dumping data for table `Party`
--

LOCK TABLES `Party` WRITE;
/*!40000 ALTER TABLE `Party` DISABLE KEYS */;
INSERT INTO `Party` VALUES (20161307,201607130,'Lagos','Samuel Manua Street','Off Keffi',NULL,NULL,'Geoscape Limited',NULL,20160874,NULL,NULL,'',NULL,NULL,NULL,NULL,NULL,20310741,NULL,NULL,NULL,1011),(20161317,201607131,'Lagos','Address 1','Address 2',NULL,NULL,'Chevron','david.jaiyeola@gmail.com',20160874,NULL,NULL,NULL,NULL,NULL,NULL,NULL,NULL,NULL,NULL,NULL,NULL,1011),(20161320,201607132,NULL,NULL,NULL,NULL,NULL,'Samsung',NULL,NULL,NULL,NULL,'',NULL,NULL,NULL,NULL,NULL,NULL,NULL,NULL,NULL,1011),(20161321,201607132,NULL,NULL,NULL,NULL,NULL,'Mitsubishi',NULL,NULL,NULL,NULL,'',NULL,NULL,NULL,NULL,NULL,NULL,NULL,NULL,NULL,1011),(20161323,201607131,'Lagos','Total HQ',NULL,NULL,NULL,'Total Petroleum','info@total.com',20160874,NULL,NULL,NULL,NULL,NULL,NULL,NULL,NULL,NULL,NULL,NULL,NULL,1011),(20161324,201607131,'Victoria Island','Adeola Odeku',NULL,NULL,NULL,'Sapetro','info@sapetro.com',20160874,NULL,NULL,NULL,NULL,NULL,NULL,NULL,NULL,NULL,NULL,NULL,NULL,1011),(20161325,201607131,'Lagos','Lekki-Ajah Express way','Lekki',NULL,NULL,'Mobil','info@mobil.com',20160874,NULL,NULL,NULL,NULL,NULL,NULL,NULL,NULL,NULL,NULL,NULL,NULL,1011);
/*!40000 ALTER TABLE `Party` ENABLE KEYS */;
UNLOCK TABLES;

--
-- Table structure for table `PartyStatus`
--

DROP TABLE IF EXISTS `PartyStatus`;
/*!40101 SET @saved_cs_client     = @@character_set_client */;
/*!40101 SET character_set_client = utf8 */;
CREATE TABLE `PartyStatus` (
  `PartyStatus_Id` bigint(20) NOT NULL AUTO_INCREMENT,
  `Name` varchar(200) DEFAULT NULL,
  `description` varchar(255) DEFAULT NULL,
  PRIMARY KEY (`PartyStatus_Id`)
) ENGINE=InnoDB AUTO_INCREMENT=1013 DEFAULT CHARSET=utf8;
/*!40101 SET character_set_client = @saved_cs_client */;

--
-- Dumping data for table `PartyStatus`
--

LOCK TABLES `PartyStatus` WRITE;
/*!40000 ALTER TABLE `PartyStatus` DISABLE KEYS */;
INSERT INTO `PartyStatus` VALUES (1011,'Approved',NULL),(1012,'Rejected',NULL);
/*!40000 ALTER TABLE `PartyStatus` ENABLE KEYS */;
UNLOCK TABLES;

--
-- Table structure for table `PartyType`
--

DROP TABLE IF EXISTS `PartyType`;
/*!40101 SET @saved_cs_client     = @@character_set_client */;
/*!40101 SET character_set_client = utf8 */;
CREATE TABLE `PartyType` (
  `PartyType_Id` int(11) NOT NULL,
  `Name` varchar(200) DEFAULT NULL,
  `description` varchar(255) DEFAULT NULL,
  PRIMARY KEY (`PartyType_Id`)
) ENGINE=InnoDB DEFAULT CHARSET=utf8;
/*!40101 SET character_set_client = @saved_cs_client */;

--
-- Dumping data for table `PartyType`
--

LOCK TABLES `PartyType` WRITE;
/*!40000 ALTER TABLE `PartyType` DISABLE KEYS */;
INSERT INTO `PartyType` VALUES (201607130,'Internal Organisation',NULL),(201607131,'Client',NULL),(201607132,'Manufacturers',NULL),(201607133,'Suppliers',NULL);
/*!40000 ALTER TABLE `PartyType` ENABLE KEYS */;
UNLOCK TABLES;

--
-- Table structure for table `Quote`
--

DROP TABLE IF EXISTS `Quote`;
/*!40101 SET @saved_cs_client     = @@character_set_client */;
/*!40101 SET character_set_client = utf8 */;
CREATE TABLE `Quote` (
  `quote_Id` bigint(20) NOT NULL AUTO_INCREMENT,
  `subject` varchar(200) DEFAULT NULL COMMENT 'You can give any subject you want',
  `rfq_no` varchar(45) DEFAULT NULL COMMENT 'Request Number',
  `Party_Party_Id` bigint(20) NOT NULL,
  `Quote_Status_Id` bigint(20) NOT NULL,
  `Quote_Currency_Id` bigint(20) NOT NULL,
  `PublishDate` datetime DEFAULT NULL,
  `DueDate` datetime DEFAULT NULL,
  `EntryDate` datetime DEFAULT NULL,
  `EventOwner` varchar(200) DEFAULT NULL,
  `Users_User_Id` bigint(20) DEFAULT NULL,
  `ApproveDate` datetime DEFAULT NULL,
  `Quote_EnteredBy_Id` bigint(20) NOT NULL,
  `Description` varchar(1000) DEFAULT NULL,
  `Quote_ApprovedBy_Id` bigint(20) DEFAULT NULL,
  `SpecificationAndRequirement` varchar(2000) DEFAULT NULL,
  PRIMARY KEY (`quote_Id`),
  KEY `fk_Quote_QuoteStatus1_idx` (`Quote_Status_Id`),
  KEY `fk_Quote_Currency1_idx` (`Quote_Currency_Id`),
  KEY `fk_Quote_User1_idx` (`Quote_EnteredBy_Id`),
  KEY `fk_Quote_User2_idx` (`Quote_ApprovedBy_Id`),
  KEY `fk_Quote_Party1_idx` (`Party_Party_Id`),
  KEY `fk_Quote_Users1_idx` (`Users_User_Id`),
  CONSTRAINT `fk_Quote_Currency1` FOREIGN KEY (`Quote_Currency_Id`) REFERENCES `Currency` (`currency_id`) ON DELETE NO ACTION ON UPDATE NO ACTION,
  CONSTRAINT `fk_Quote_Party1` FOREIGN KEY (`Party_Party_Id`) REFERENCES `Party` (`Party_Id`) ON DELETE NO ACTION ON UPDATE NO ACTION,
  CONSTRAINT `fk_Quote_QuoteStatus1` FOREIGN KEY (`Quote_Status_Id`) REFERENCES `QuoteStatus` (`QuoteStatus_Id`) ON DELETE NO ACTION ON UPDATE NO ACTION,
  CONSTRAINT `fk_Quote_User1` FOREIGN KEY (`Quote_EnteredBy_Id`) REFERENCES `Users` (`User_Id`) ON DELETE NO ACTION ON UPDATE NO ACTION,
  CONSTRAINT `fk_Quote_User2` FOREIGN KEY (`Quote_ApprovedBy_Id`) REFERENCES `Users` (`User_Id`) ON DELETE NO ACTION ON UPDATE NO ACTION
) ENGINE=InnoDB AUTO_INCREMENT=20160880 DEFAULT CHARSET=utf8;
/*!40101 SET character_set_client = @saved_cs_client */;

--
-- Dumping data for table `Quote`
--

LOCK TABLES `Quote` WRITE;
/*!40000 ALTER TABLE `Quote` DISABLE KEYS */;
INSERT INTO `Quote` VALUES (20160809,'A test quote','RFQ5370',20161317,12141324,19923342,'2016-05-04 02:00:00','2016-05-04 02:00:00',NULL,'Yinka Akinoso',20160715,NULL,20160713,'Nice stuff',NULL,NULL),(20160857,'gertyer','PSI2234',20161317,12141325,19923342,NULL,NULL,NULL,NULL,20160714,NULL,20160713,NULL,NULL,NULL),(20160858,'A test quote','RFQ5356',20161317,12141325,19923342,'2016-08-10 01:00:00',NULL,NULL,NULL,20160713,NULL,20160713,NULL,NULL,NULL),(20160878,'A test quote','RFQ5356',20161317,12141325,19923342,'2016-08-31 01:00:00',NULL,'2016-09-02 17:07:03',NULL,20160715,NULL,20160713,NULL,NULL,NULL),(20160879,NULL,'RFQ663442',20161323,12141325,19923342,'2016-09-05 01:00:00','2016-09-07 01:00:00','2016-09-08 11:56:43','Samson Fagade',20160713,NULL,20160713,NULL,NULL,NULL);
/*!40000 ALTER TABLE `Quote` ENABLE KEYS */;
UNLOCK TABLES;

--
-- Table structure for table `QuoteDetail`
--

DROP TABLE IF EXISTS `QuoteDetail`;
/*!40101 SET @saved_cs_client     = @@character_set_client */;
/*!40101 SET character_set_client = utf8 */;
CREATE TABLE `QuoteDetail` (
  `QuoteDetail_Id` bigint(20) NOT NULL AUTO_INCREMENT,
  `serialNumber` varchar(200) DEFAULT NULL,
  `description` varchar(500) DEFAULT NULL,
  `price` decimal(19,2) DEFAULT NULL,
  `quantity` int(11) DEFAULT NULL,
  `Quote_quote_Id` bigint(20) NOT NULL,
  PRIMARY KEY (`QuoteDetail_Id`),
  KEY `fk_QuoteDetail_Quote1_idx` (`Quote_quote_Id`),
  CONSTRAINT `fk_QuoteDetail_Quote1` FOREIGN KEY (`Quote_quote_Id`) REFERENCES `Quote` (`quote_Id`) ON DELETE CASCADE ON UPDATE CASCADE
) ENGINE=InnoDB AUTO_INCREMENT=235366791 DEFAULT CHARSET=utf8;
/*!40101 SET character_set_client = @saved_cs_client */;

--
-- Dumping data for table `QuoteDetail`
--

LOCK TABLES `QuoteDetail` WRITE;
/*!40000 ALTER TABLE `QuoteDetail` DISABLE KEYS */;
INSERT INTO `QuoteDetail` VALUES (235366775,NULL,'REtest',NULL,3,20160878),(235366777,NULL,'Test',NULL,2,20160809),(235366778,NULL,'Test',NULL,2,20160809),(235366779,NULL,'test',NULL,2,20160857),(235366780,NULL,'Test',NULL,2,20160809),(235366781,NULL,'Test',NULL,2,20160809),(235366782,NULL,'test',NULL,2,20160857),(235366783,NULL,'test',NULL,2,20160857),(235366784,NULL,'test',NULL,2,20160857),(235366785,NULL,'Test',NULL,2,20160809),(235366786,NULL,'Test',NULL,2,20160809),(235366787,NULL,'Test',NULL,2,20160809),(235366788,NULL,'Test',NULL,2,20160809),(235366789,NULL,'A Material',NULL,4,20160879),(235366790,NULL,'Another Material',NULL,24,20160879);
/*!40000 ALTER TABLE `QuoteDetail` ENABLE KEYS */;
UNLOCK TABLES;

--
-- Table structure for table `QuoteDetail_Manufacturer`
--

DROP TABLE IF EXISTS `QuoteDetail_Manufacturer`;
/*!40101 SET @saved_cs_client     = @@character_set_client */;
/*!40101 SET character_set_client = utf8 */;
CREATE TABLE `QuoteDetail_Manufacturer` (
  `QuoteDetail_QuoteDetail_Id` bigint(20) NOT NULL,
  `Party_Party_Id` bigint(20) NOT NULL,
  PRIMARY KEY (`QuoteDetail_QuoteDetail_Id`,`Party_Party_Id`),
  KEY `fk_QuoteDetail_Manufacturer_QuoteDetail1_idx` (`QuoteDetail_QuoteDetail_Id`),
  KEY `fk_QuoteDetail_Manufacturer_Party1_idx` (`Party_Party_Id`),
  CONSTRAINT `fk_QuoteDetail_Manufacturer_Party1` FOREIGN KEY (`Party_Party_Id`) REFERENCES `Party` (`Party_Id`) ON DELETE NO ACTION ON UPDATE NO ACTION,
  CONSTRAINT `fk_QuoteDetail_Manufacturer_QuoteDetail1` FOREIGN KEY (`QuoteDetail_QuoteDetail_Id`) REFERENCES `QuoteDetail` (`QuoteDetail_Id`) ON DELETE CASCADE ON UPDATE CASCADE
) ENGINE=InnoDB DEFAULT CHARSET=utf8;
/*!40101 SET character_set_client = @saved_cs_client */;

--
-- Dumping data for table `QuoteDetail_Manufacturer`
--

LOCK TABLES `QuoteDetail_Manufacturer` WRITE;
/*!40000 ALTER TABLE `QuoteDetail_Manufacturer` DISABLE KEYS */;
INSERT INTO `QuoteDetail_Manufacturer` VALUES (235366775,20161320),(235366775,20161321),(235366777,20161320),(235366778,20161320),(235366778,20161321),(235366779,20161320),(235366780,20161320),(235366781,20161320),(235366781,20161321),(235366782,20161320),(235366783,20161320),(235366784,20161320),(235366785,20161320),(235366786,20161320),(235366787,20161320),(235366787,20161321),(235366788,20161320),(235366788,20161321),(235366789,20161320),(235366789,20161321),(235366790,20161320);
/*!40000 ALTER TABLE `QuoteDetail_Manufacturer` ENABLE KEYS */;
UNLOCK TABLES;

--
-- Table structure for table `QuoteStatus`
--

DROP TABLE IF EXISTS `QuoteStatus`;
/*!40101 SET @saved_cs_client     = @@character_set_client */;
/*!40101 SET character_set_client = utf8 */;
CREATE TABLE `QuoteStatus` (
  `QuoteStatus_Id` bigint(20) NOT NULL AUTO_INCREMENT,
  `Name` varchar(200) DEFAULT NULL,
  `description` varchar(255) DEFAULT NULL,
  PRIMARY KEY (`QuoteStatus_Id`)
) ENGINE=InnoDB AUTO_INCREMENT=12141329 DEFAULT CHARSET=utf8;
/*!40101 SET character_set_client = @saved_cs_client */;

--
-- Dumping data for table `QuoteStatus`
--

LOCK TABLES `QuoteStatus` WRITE;
/*!40000 ALTER TABLE `QuoteStatus` DISABLE KEYS */;
INSERT INTO `QuoteStatus` VALUES (12141324,'Submitted','Submitted'),(12141325,'In Progress','In Progress'),(12141326,'TQ','TQ'),(12141327,'Sourcing for suppliers','Sourcing for suppliers'),(12141328,'Costing at suppliers','Costing at suppliers');
/*!40000 ALTER TABLE `QuoteStatus` ENABLE KEYS */;
UNLOCK TABLES;

--
-- Table structure for table `State`
--

DROP TABLE IF EXISTS `State`;
/*!40101 SET @saved_cs_client     = @@character_set_client */;
/*!40101 SET character_set_client = utf8 */;
CREATE TABLE `State` (
  `State_Id` bigint(20) NOT NULL AUTO_INCREMENT,
  `Name` varchar(255) DEFAULT NULL,
  `State_Country_Id` bigint(20) NOT NULL,
  PRIMARY KEY (`State_Id`),
  KEY `fk_State_Country1_idx` (`State_Country_Id`),
  CONSTRAINT `fk_State_Country1` FOREIGN KEY (`State_Country_Id`) REFERENCES `Country` (`Country_Id`) ON DELETE NO ACTION ON UPDATE NO ACTION
) ENGINE=InnoDB AUTO_INCREMENT=20160755 DEFAULT CHARSET=utf8;
/*!40101 SET character_set_client = @saved_cs_client */;

--
-- Dumping data for table `State`
--

LOCK TABLES `State` WRITE;
/*!40000 ALTER TABLE `State` DISABLE KEYS */;
INSERT INTO `State` VALUES (20160719,'ABIA',20160874),(20160720,'ADAMAWA',20160874),(20160721,'AKWAIBOM',20160874),(20160722,'ANAMBRA',20160874),(20160723,'BAUCHI',20160874),(20160724,'BAYELSA',20160874),(20160725,'BENUE',20160874),(20160726,'BORNO',20160874),(20160727,'CROSSRIVER',20160874),(20160728,'DELTA',20160874),(20160729,'EBONYI',20160874),(20160730,'EDO',20160874),(20160731,'EKITI',20160874),(20160732,'ENUGU',20160874),(20160733,'GOMBE',20160874),(20160734,'IMO',20160874),(20160735,'JIGAWA',20160874),(20160736,'KADUNA',20160874),(20160737,'KANO',20160874),(20160738,'KATSINA',20160874),(20160739,'KEBBI',20160874),(20160740,'KOGI',20160874),(20160741,'KWARA',20160874),(20160742,'LAGOS',20160874),(20160743,'NASSARAWA',20160874),(20160744,'NIGER',20160874),(20160745,'OGUN',20160874),(20160746,'ONDO',20160874),(20160747,'OSUN',20160874),(20160748,'OYO',20160874),(20160749,'PLATEAU',20160874),(20160750,'RIVERS',20160874),(20160751,'SOKOTO',20160874),(20160752,'TARABA',20160874),(20160753,'YOBE',20160874),(20160754,'ZAMFARA',20160874);
/*!40000 ALTER TABLE `State` ENABLE KEYS */;
UNLOCK TABLES;

--
-- Table structure for table `User_AuthView`
--

DROP TABLE IF EXISTS `User_AuthView`;
/*!40101 SET @saved_cs_client     = @@character_set_client */;
/*!40101 SET character_set_client = utf8 */;
CREATE TABLE `User_AuthView` (
  `AuthView_AuthView_Id` int(11) NOT NULL,
  `User_User_Id` bigint(20) NOT NULL,
  `ius_yn` tinyint(1) DEFAULT NULL,
  PRIMARY KEY (`AuthView_AuthView_Id`,`User_User_Id`),
  KEY `fk_user_authView_AuthView1_idx` (`AuthView_AuthView_Id`),
  KEY `fk_user_authView_User1_idx` (`User_User_Id`)
) ENGINE=InnoDB DEFAULT CHARSET=utf8;
/*!40101 SET character_set_client = @saved_cs_client */;

--
-- Dumping data for table `User_AuthView`
--

LOCK TABLES `User_AuthView` WRITE;
/*!40000 ALTER TABLE `User_AuthView` DISABLE KEYS */;
INSERT INTO `User_AuthView` VALUES (13072016,20160713,1),(13072016,20160715,1),(13072017,20160713,1),(13072017,20160715,1),(13072018,20160713,1);
/*!40000 ALTER TABLE `User_AuthView` ENABLE KEYS */;
UNLOCK TABLES;

--
-- Table structure for table `Users`
--

DROP TABLE IF EXISTS `Users`;
/*!40101 SET @saved_cs_client     = @@character_set_client */;
/*!40101 SET character_set_client = utf8 */;
CREATE TABLE `Users` (
  `User_Id` bigint(20) NOT NULL AUTO_INCREMENT,
  `Firstname` varchar(200) NOT NULL,
  `MiddleName` varchar(200) DEFAULT NULL,
  `LastName` varchar(200) NOT NULL,
  `WorkPhoneNumber` varchar(45) DEFAULT NULL,
  `ContactPhoneNumber` varchar(45) DEFAULT NULL,
  `User_Party_Id` bigint(20) NOT NULL,
  `IsAuthorizedPerson` tinyint(1) DEFAULT NULL,
  `Username` varchar(100) DEFAULT NULL,
  `Email` varchar(100) DEFAULT NULL,
  `Password` varchar(200) NOT NULL,
  `token` varchar(200) DEFAULT NULL,
  `Enabled` tinyint(1) DEFAULT NULL,
  `AccountLocked` tinyint(1) DEFAULT NULL,
  `AccountExpirationTime` datetime DEFAULT NULL,
  `CredentialsExpirationTime` datetime DEFAULT NULL,
  `DateCreated` datetime DEFAULT NULL,
  `DateModified` datetime DEFAULT NULL,
  PRIMARY KEY (`User_Id`),
  KEY `fk_User_Party1_idx` (`User_Party_Id`),
  CONSTRAINT `fk_User_Party1` FOREIGN KEY (`User_Party_Id`) REFERENCES `Party` (`Party_Id`) ON DELETE NO ACTION ON UPDATE NO ACTION
) ENGINE=InnoDB AUTO_INCREMENT=20160716 DEFAULT CHARSET=utf8;
/*!40101 SET character_set_client = @saved_cs_client */;

--
-- Dumping data for table `Users`
--

LOCK TABLES `Users` WRITE;
/*!40000 ALTER TABLE `Users` DISABLE KEYS */;
INSERT INTO `Users` VALUES (20160713,'Abimbola','S','Hassan','07065725667',NULL,20161307,NULL,NULL,'infinitizon@yahoo.com','c20ad4d76fe97759aa27a0c99bff6710','cd06e7823b89ed77b0758fe940c3887e21ebf281',1,0,NULL,NULL,NULL,NULL),(20160714,'Labake',NULL,'Hassan','143131513','135135153151',20161317,NULL,NULL,NULL,'72a9034327785dab5ad6a914b73c16b8',NULL,1,NULL,NULL,NULL,NULL,NULL),(20160715,'Deribigbe',NULL,'Ajasa','75365653','345673546356',20161317,NULL,NULL,NULL,'960a92425e165e5ec9830f78e28dafc7',NULL,1,NULL,NULL,NULL,NULL,NULL);
/*!40000 ALTER TABLE `Users` ENABLE KEYS */;
UNLOCK TABLES;

--
-- Table structure for table `logs`
--

DROP TABLE IF EXISTS `logs`;
/*!40101 SET @saved_cs_client     = @@character_set_client */;
/*!40101 SET character_set_client = utf8 */;
CREATE TABLE `logs` (
  `log_id` bigint(20) NOT NULL AUTO_INCREMENT,
  `users_user_id` bigint(20) NOT NULL,
  `log_table` varchar(45) DEFAULT NULL,
  `log_table_key` varchar(45) DEFAULT NULL,
  `log_changes` text,
  `log_date` datetime DEFAULT NULL,
  PRIMARY KEY (`log_id`),
  KEY `fk_logs_Users1_idx` (`users_user_id`),
  CONSTRAINT `fk_logs_Users1` FOREIGN KEY (`users_user_id`) REFERENCES `Users` (`User_Id`) ON DELETE NO ACTION ON UPDATE NO ACTION
) ENGINE=InnoDB AUTO_INCREMENT=36786043 DEFAULT CHARSET=utf8;
/*!40101 SET character_set_client = @saved_cs_client */;

--
-- Dumping data for table `logs`
--

LOCK TABLES `logs` WRITE;
/*!40000 ALTER TABLE `logs` DISABLE KEYS */;
INSERT INTO `logs` VALUES (36785984,20160713,'Quote',':tblColKey','inserted new lines for: subject=>A test quote, Party_Party_Id=>20161307, Quote_QuoteDirection_Id=>1922341, Quote_Currency_Id=>19923342, Quote_EnteredBy_Id=>20160713, Quantity=>25432, Quote_Product_Id=>20160908, SpecificationAndRequirement=>Tester&#039;s notes','2016-08-11 14:00:11'),(36785985,20160713,'Quote','20160821','inserted new lines for: subject=>A test quote, Party_Party_Id=>20161307, Quote_QuoteDirection_Id=>1922341, Quote_Currency_Id=>19923342, Quote_EnteredBy_Id=>20160713, Quantity=>25432, Quote_Product_Id=>20160908, SpecificationAndRequirement=>Tester&#039;s notes','2016-08-11 14:01:56'),(36785986,20160713,'Quote','20160822','inserted new lines for: subject=>A test quote, Party_Party_Id=>20161307, Quote_QuoteDirection_Id=>1922341, Quote_Currency_Id=>19923342, Quote_EnteredBy_Id=>20160713, Quantity=>25432, Quote_Product_Id=>20160908, SpecificationAndRequirement=>Tester&#039;s notes','2016-08-11 14:02:34'),(36785987,20160713,'Quote','20160823','inserted new lines for: subject=>etet, Party_Party_Id=>20161307, Quote_QuoteDirection_Id=>1922341, Quote_Currency_Id=>19923342, Quote_EnteredBy_Id=>20160713, Quantity=>623463, Quote_Product_Id=>20160908, SpecificationAndRequirement=>Tester&#039;s new quote','2016-08-11 14:08:31'),(36785988,20160713,'Quote','20160824','inserted new lines for: subject=>etet, Party_Party_Id=>20161307, Quote_QuoteDirection_Id=>1922341, Quote_Currency_Id=>19923342, Quote_EnteredBy_Id=>20160713, Quantity=>623463, Quote_Product_Id=>20160908, SpecificationAndRequirement=>Tester&#039;s new quote','2016-08-11 14:09:24'),(36785989,20160713,'Quote','20160825','inserted new lines for: subject=>etet, Party_Party_Id=>20161307, Quote_QuoteDirection_Id=>1922341, Quote_Currency_Id=>19923342, Quote_EnteredBy_Id=>20160713, Quantity=>623463, Quote_Product_Id=>20160908, SpecificationAndRequirement=>Tester&#039;s new quote','2016-08-11 14:09:25'),(36785990,20160713,'Quote','20160826','inserted new lines for: subject=>etet, Party_Party_Id=>20161307, Quote_QuoteDirection_Id=>1922341, Quote_Currency_Id=>19923342, Quote_EnteredBy_Id=>20160713, Quantity=>623463, Quote_Product_Id=>20160908, SpecificationAndRequirement=>Tester&#039;s new quote','2016-08-11 14:10:32'),(36785991,20160713,'Quote','20160827','inserted new lines for: subject=>gertyer, Party_Party_Id=>20161307, Quote_QuoteDirection_Id=>1922341, Quote_Currency_Id=>19923342, Quote_EnteredBy_Id=>20160713, Quantity=>242, Quote_Product_Id=>20160908','2016-08-11 14:33:13'),(36785992,20160713,'Quote','20160828','inserted new lines for: subject=>ytdytfyuf, Party_Party_Id=>20161307, Quote_QuoteDirection_Id=>1922342, Quote_Currency_Id=>19923343, Quote_EnteredBy_Id=>20160713, Quantity=>356464, Quote_Product_Id=>20160908','2016-08-11 14:34:32'),(36785993,20160713,'Quote','20160829','inserted new lines for: subject=>gertyer, Party_Party_Id=>20161307, Quote_QuoteDirection_Id=>1922341, Quote_Currency_Id=>19923342, Quote_EnteredBy_Id=>20160713, Quantity=>2234, Quote_Product_Id=>20160908','2016-08-11 15:56:26'),(36785994,20160713,'Quote','20160830','inserted new lines for: subject=>etet, Party_Party_Id=>20161307, Quote_QuoteDirection_Id=>1922341, Quote_Currency_Id=>19923342, Quote_EnteredBy_Id=>20160713, Quantity=>24634, Quote_Product_Id=>20160908','2016-08-11 15:59:16'),(36785995,20160713,'Quote','20160831','inserted new lines for: subject=>wrr, Party_Party_Id=>20161307, Quote_QuoteDirection_Id=>1922342, Quote_Currency_Id=>19923342, Quote_EnteredBy_Id=>20160713, Quantity=>422, Quote_Product_Id=>20160908','2016-08-11 16:02:13'),(36785996,20160713,'Quote','20160832','inserted new lines for: subject=>reytetr, Party_Party_Id=>20161307, Quote_QuoteDirection_Id=>1922341, Quote_Currency_Id=>19923342, Quote_EnteredBy_Id=>20160713, Quantity=>1431, Quote_Product_Id=>20160908','2016-08-11 16:04:17'),(36785997,20160713,'Quote','20160833','inserted new lines for: subject=>gertyer, Party_Party_Id=>20161307, Quote_QuoteDirection_Id=>1922341, Quote_Currency_Id=>19923342, Quote_EnteredBy_Id=>20160713, Quantity=>7475, Quote_Product_Id=>20160908','2016-08-11 16:13:26'),(36785998,20160713,'Quote','20160834','inserted new lines for: subject=>gertyer, Party_Party_Id=>20161307, Quote_QuoteDirection_Id=>1922341, Quote_Currency_Id=>19923343, Quote_EnteredBy_Id=>20160713, Quantity=>2452, Quote_Product_Id=>20160908','2016-08-11 16:15:58'),(36785999,20160713,'Quote','20160835','inserted new lines for: subject=>etet, Party_Party_Id=>20161307, Quote_QuoteDirection_Id=>1922341, Quote_Currency_Id=>19923342, Quote_EnteredBy_Id=>20160713, Quantity=>24423, Quote_Product_Id=>20160908','2016-08-11 16:19:21'),(36786000,20160713,'Quote','20160836','inserted new lines for: subject=>reytetr, Party_Party_Id=>20161307, Quote_QuoteDirection_Id=>1922341, Quote_Currency_Id=>19923342, Quote_EnteredBy_Id=>20160713, Quantity=>343, Quote_Product_Id=>20160908','2016-08-11 16:21:13'),(36786001,20160713,'Quote','20160837','inserted new lines for: Party_Party_Id=>20161307, Quote_QuoteDirection_Id=>1922341, Quote_Currency_Id=>19923342, Quote_EnteredBy_Id=>20160713, Quantity=>354, Quote_Product_Id=>20160908','2016-08-11 16:22:41'),(36786002,20160713,'Quote','20160838','inserted new lines for: Party_Party_Id=>20161307, Quote_QuoteDirection_Id=>1922341, Quote_Currency_Id=>19923342, Quote_EnteredBy_Id=>20160713, Quantity=>354, Quote_Product_Id=>20160908','2016-08-11 16:23:53'),(36786003,20160713,'Quote','20160839','inserted new lines for: Party_Party_Id=>20161307, Quote_QuoteDirection_Id=>1922341, Quote_Currency_Id=>19923342, Quote_EnteredBy_Id=>20160713, Quantity=>354, Quote_Product_Id=>20160908','2016-08-11 16:24:16'),(36786004,20160713,'Quote','20160840','inserted new lines for: Party_Party_Id=>20161307, Quote_QuoteDirection_Id=>1922341, Quote_Currency_Id=>19923342, Quote_EnteredBy_Id=>20160713, Quantity=>354, Quote_Product_Id=>20160908','2016-08-11 16:24:42'),(36786005,20160713,'Quote','20160841','inserted new lines for: Party_Party_Id=>20161307, Quote_QuoteDirection_Id=>1922341, Quote_Currency_Id=>19923342, Quote_EnteredBy_Id=>20160713, Quantity=>354, Quote_Product_Id=>20160908','2016-08-11 16:25:03'),(36786006,20160713,'Quote','20160842','inserted new lines for: Party_Party_Id=>20161307, Quote_QuoteDirection_Id=>1922341, Quote_Currency_Id=>19923342, Quote_EnteredBy_Id=>20160713, Quantity=>354, Quote_Product_Id=>20160908','2016-08-11 16:25:31'),(36786007,20160713,'Quote','20160843','inserted new lines for: Party_Party_Id=>20161307, Quote_QuoteDirection_Id=>1922341, Quote_Currency_Id=>19923342, Quote_EnteredBy_Id=>20160713, Quantity=>354, Quote_Product_Id=>20160908','2016-08-11 16:25:57'),(36786008,20160713,'Quote','20160844','inserted new lines for: Party_Party_Id=>20161307, Quote_QuoteDirection_Id=>1922341, Quote_Currency_Id=>19923342, Quote_EnteredBy_Id=>20160713, Quantity=>354, Quote_Product_Id=>20160908','2016-08-11 16:26:41'),(36786009,20160713,'Quote','20160845','inserted new lines for: Party_Party_Id=>20161307, Quote_QuoteDirection_Id=>1922341, Quote_Currency_Id=>19923342, Quote_EnteredBy_Id=>20160713, Quantity=>354, Quote_Product_Id=>20160908','2016-08-11 16:27:29'),(36786010,20160713,'Quote','20160846','inserted new lines for: Party_Party_Id=>20161307, Quote_QuoteDirection_Id=>1922341, Quote_Currency_Id=>19923342, Quote_EnteredBy_Id=>20160713, Quantity=>354, Quote_Product_Id=>20160908','2016-08-11 16:29:07'),(36786011,20160713,'Quote','20160847','inserted new lines for: subject=>etet, Party_Party_Id=>20161307, Quote_QuoteDirection_Id=>1922341, Quote_Currency_Id=>19923342, Quote_EnteredBy_Id=>20160713, Quantity=>3443, Quote_Product_Id=>20160908','2016-08-11 16:30:21'),(36786012,20160713,'Quote','20160848','inserted new lines for: subject=>etet, Party_Party_Id=>20161307, Quote_QuoteDirection_Id=>1922341, Quote_Currency_Id=>19923342, Quote_EnteredBy_Id=>20160713, Quantity=>3443, Quote_Product_Id=>20160908','2016-08-11 16:33:58'),(36786013,20160713,'Quote','20160849','inserted new lines for: subject=>gertyer, Party_Party_Id=>20161307, Quote_QuoteDirection_Id=>1922341, Quote_Currency_Id=>19923342, Quote_EnteredBy_Id=>20160713, Quote_Product_Id=>20160908','2016-08-11 16:36:07'),(36786014,20160713,'Quote','20160850','inserted new lines for: subject=>gertyer, Party_Party_Id=>20161307, Quote_QuoteDirection_Id=>1922342, Quote_Currency_Id=>19923342, Quote_EnteredBy_Id=>20160713, Quantity=>87576, Quote_Product_Id=>20160908','2016-08-11 16:40:16'),(36786015,20160713,'Quote','20160851','inserted new lines for: subject=>gertyer, Party_Party_Id=>20161307, Quote_QuoteDirection_Id=>1922342, Quote_Currency_Id=>19923342, Quote_EnteredBy_Id=>20160713, Quantity=>87576, Quote_Product_Id=>20160908','2016-08-11 16:41:16'),(36786016,20160713,'Quote','20160852','inserted new lines for: subject=>gertyer, Party_Party_Id=>20161307, Quote_QuoteDirection_Id=>1922341, Quote_Currency_Id=>19923342, Quote_EnteredBy_Id=>20160713, Quantity=>232, Quote_Product_Id=>20160908','2016-08-11 16:42:56'),(36786017,20160713,'Quote','20160853','inserted new lines for: subject=>gertyer, Party_Party_Id=>20161307, Quote_QuoteDirection_Id=>1922341, Quote_Currency_Id=>19923342, Quote_EnteredBy_Id=>20160713, Quantity=>232, Quote_Product_Id=>20160908','2016-08-11 16:43:24'),(36786018,20160713,'Quote','20160854','inserted new lines for: subject=>gertyer, Party_Party_Id=>20161307, Quote_QuoteDirection_Id=>1922341, Quote_Currency_Id=>19923342, Quote_EnteredBy_Id=>20160713, Quantity=>232, Quote_Product_Id=>20160908','2016-08-11 16:43:43'),(36786019,20160713,'Quote','20160855','inserted new lines for: subject=>gertyer, Party_Party_Id=>20161307, Quote_QuoteDirection_Id=>1922341, Quote_Currency_Id=>19923342, Quote_EnteredBy_Id=>20160713, Quantity=>232, Quote_Product_Id=>20160908','2016-08-11 16:48:37'),(36786020,20160713,'Quote','20160856','inserted new lines for: subject=>gertyer, Party_Party_Id=>20161307, Quote_QuoteDirection_Id=>1922341, Quote_Currency_Id=>19923342, Quote_EnteredBy_Id=>20160713, Quantity=>232, Quote_Product_Id=>20160908','2016-08-11 16:49:45'),(36786021,20160713,'Quote','20160857','inserted new lines for: subject=>gertyer, Party_Party_Id=>20161307, Quote_QuoteDirection_Id=>1922341, Quote_Currency_Id=>19923342, Quote_EnteredBy_Id=>20160713, Quantity=>232, Quote_Product_Id=>20160908','2016-08-11 16:51:35'),(36786022,20160713,'Party','20161308','inserted new lines for: Party_PartyType_Id=>201607132, Name=>Test, IsActive=>1, PartyStatus_PartyStatus_Id=>1011','2016-08-26 12:34:02'),(36786023,20160713,'Party','20161309','inserted new lines for: Party_PartyType_Id=>201607132, Name=>Ibile, IsActive=>1, PartyStatus_PartyStatus_Id=>1011','2016-08-26 13:48:24'),(36786024,20160713,'Party','20161310','inserted new lines for: Party_PartyType_Id=>201607132, Name=>Ibile, IsActive=>1, PartyStatus_PartyStatus_Id=>1011','2016-08-26 13:49:21'),(36786025,20160713,'Party','20161311','inserted new lines for: Party_PartyType_Id=>201607132, Name=>tesrtr, IsActive=>1, PartyStatus_PartyStatus_Id=>1011','2016-08-26 13:50:30'),(36786026,20160713,'Party','20161312','inserted new lines for: Party_PartyType_Id=>201607132, Name=>eryrre, IsActive=>1, PartyStatus_PartyStatus_Id=>1011','2016-08-26 13:52:10'),(36786027,20160713,'Party','20161313','inserted new lines for: Party_PartyType_Id=>201607132, Name=>twrrwr, IsActive=>1, PartyStatus_PartyStatus_Id=>1011','2016-08-26 13:52:18'),(36786028,20160713,'Party','20161314','inserted new lines for: Party_PartyType_Id=>201607132, Name=>det, IsActive=>1, PartyStatus_PartyStatus_Id=>1011','2016-08-26 13:53:58'),(36786029,20160713,'Party','20161315','inserted new lines for: Party_PartyType_Id=>201607132, Name=>gdhfgcguvj, IsActive=>1, PartyStatus_PartyStatus_Id=>1011','2016-08-26 13:54:22'),(36786030,20160713,'Party','20161316','inserted new lines for: Party_PartyType_Id=>201607132, Name=>Bimbo, IsActive=>1, PartyStatus_PartyStatus_Id=>1011','2016-08-26 14:05:41'),(36786031,20160713,'Party','20161317','inserted new lines for: Party_PartyType_Id=>201607131, AddressCity=>david.jaiyeola@gmail.com, AddressLine1=>Address 1, AddressLine2=>Address 2, Name=>Chevron, Party_Country_Id=>20160874, PartyStatus_PartyStatus_Id=>1011','2016-08-29 09:35:52'),(36786032,20160713,'Users','20160714','inserted new lines for: Firstname=>Labake, LastName=>Hassan, WorkPhoneNumber=>143131513, ContactPhoneNumber=>135135153151, User_Party_Id=>20161317, Password=>72a9034327785dab5ad6a914b73c16b8, Enabled=>1','2016-08-29 09:37:02'),(36786033,20160713,'Users','20160715','inserted new lines for: Firstname=>Deribigbe, LastName=>Ajasa, WorkPhoneNumber=>75365653, ContactPhoneNumber=>345673546356, User_Party_Id=>20161317, Password=>960a92425e165e5ec9830f78e28dafc7, Enabled=>1','2016-08-29 10:00:26'),(36786034,20160713,'Party','20161318','inserted new lines for: Party_PartyType_Id=>201607132, Name=>Samsung, IsActive=>1, PartyStatus_PartyStatus_Id=>1011','2016-08-29 10:03:29'),(36786035,20160713,'Party','20161319','inserted new lines for: Party_PartyType_Id=>201607132, Name=>Samsung, IsActive=>1, PartyStatus_PartyStatus_Id=>1011','2016-08-29 10:04:43'),(36786036,20160713,'Party','20161320','inserted new lines for: Party_PartyType_Id=>201607132, Name=>Samsung, IsActive=>1, PartyStatus_PartyStatus_Id=>1011','2016-08-29 10:05:44'),(36786037,20160713,'Quote','20160858','inserted new lines for: subject=>A test quote, rfq_no=>RFQ5356, Party_Party_Id=>20161317, Quote_Status_Id=>12141325, Quote_Currency_Id=>19923342, PublishDate=>2016-08-09T23:00:00.000Z, DueDate=>2016-08-12T23:00:00.000Z, Users_User_Id=>20160715, Quote_EnteredBy_Id=>20160713','2016-08-29 10:28:52'),(36786038,20160713,'Party','20161321','inserted new lines for: Party_PartyType_Id=>201607132, Name=>Mitsubishi, IsActive=>1, PartyStatus_PartyStatus_Id=>1011','2016-08-29 12:12:58'),(36786039,20160713,'Party','20161322','inserted new lines for: Party_PartyType_Id=>201607132, IsActive=>1, PartyStatus_PartyStatus_Id=>1011','2016-09-01 16:26:05'),(36786040,20160713,'Party','20161323','inserted new lines for: Party_PartyType_Id=>201607131, AddressCity=>info@total.com, AddressLine1=>Total HQ, Name=>Total Petroleum, Party_Country_Id=>20160874, PartyStatus_PartyStatus_Id=>1011','2016-09-07 09:57:01'),(36786041,20160713,'Party','20161324','inserted new lines for: Party_PartyType_Id=>201607131, AddressCity=>Victoria Island, AddressLine1=>Adeola Odeku, Name=>Sapetro, EmailAddress=>info@sapetro.com, Party_Country_Id=>20160874, PartyStatus_PartyStatus_Id=>1011','2016-09-07 10:27:59'),(36786042,20160713,'Party','20161325','inserted new lines for: Party_PartyType_Id=>201607131, AddressCity=>Lagos, AddressLine1=>Lekki-Ajah Express way, AddressLine2=>Lekki, Name=>Mobil, EmailAddress=>info@mobil.com, Party_Country_Id=>20160874, PartyStatus_PartyStatus_Id=>1011','2016-09-07 10:29:14');
/*!40000 ALTER TABLE `logs` ENABLE KEYS */;
UNLOCK TABLES;
/*!40103 SET TIME_ZONE=@OLD_TIME_ZONE */;

/*!40101 SET SQL_MODE=@OLD_SQL_MODE */;
/*!40014 SET FOREIGN_KEY_CHECKS=@OLD_FOREIGN_KEY_CHECKS */;
/*!40014 SET UNIQUE_CHECKS=@OLD_UNIQUE_CHECKS */;
/*!40101 SET CHARACTER_SET_CLIENT=@OLD_CHARACTER_SET_CLIENT */;
/*!40101 SET CHARACTER_SET_RESULTS=@OLD_CHARACTER_SET_RESULTS */;
/*!40101 SET COLLATION_CONNECTION=@OLD_COLLATION_CONNECTION */;
/*!40111 SET SQL_NOTES=@OLD_SQL_NOTES */;

-- Dump completed on 2016-09-09 12:48:09
