[
  {
    "@transition-duration": "300ms",
    "@body-bg": "#e0e8f2",
    "@main-panel-bg": "#f0f0f0",
    "@border-color": "#e4e4e4",
    "@gutter": "20px",
    "@webkit-scrollbar-width": "6px",
    "@sidebar-width": "250px",
    "@sidebar-small-menu-width": "70px",
    "@sidebar-width-sm": "85%",
    "@header-height": "55px",
    "@footer-height": "55px",
    "@brand-default": "#e2e2e2",
    "@brand-primary": "#0099cc",
    "@brand-success": "#2ECC71",
    "@brand-warning": "#ffc65d",
    "@brand-danger": "#d96557",
    "@brand-info": "#4cc3d9",
    "@brand-white": "white",
    "@brand-dark": "#4C5064",
    "@font-size-base": "13px",
    "@font-weight-base": "400",
    "@font-weight-medium": "500",
    "@font-weight-bold": "700",
    "@text-color": "#616161",
    "@link-color": "#616161",
    "@link-hover-color": "#616161",
    "@font-family-base-webfont": "proxima_nova_rgregular, \"Helvetica Neue\", Helvetica, Arial, Roboto, sans-serif",
    "@border-radius-base": "2px",
    "@border-radius-large": "4px",
    "@border-radius-small": "1px",
    "@sidebar-skin-background": "#495469",
    "@sidebar-skin-color": "#B5BBC0",
    "@sidebar-skin-hover": "white",
    "@sidebar-skin-brand-background": "#495469",
    "@sidebar-skin-brand-color": "#B5BBC0",
    "@header-skin-background": "white",
    "@header-skin-hover-background": "#f8f8f8",
    "@header-skin-color": "#616161",
    "@header-skin-hover": "#474747"
  }
]
